"","Facetvar","Variant","Budget","MSE","MSE_ribbon_min","MSE_ribbon_max"
"1","K=(0, 1)","inverse_variance_weighting",50,2.72795199984522e-09,2.72795199984522e-09,2.72795199984522e-09
"2","K=(0, 1)","inverse_variance_weighting",100,2.72795199984522e-09,2.72795199984522e-09,2.72795199984522e-09
"3","K=(0, 1)","inverse_variance_weighting",250,2.72795199984522e-09,2.72795199984522e-09,2.72795199984522e-09
"4","K=(0, 1)","inverse_variance_weighting",500,2.72795199984522e-09,2.72795199984522e-09,2.72795199984522e-09
"5","K=(0, 1)","inverse_variance_weighting",750,2.72795199984522e-09,2.72795199984522e-09,2.72795199984522e-09
"6","K=(0, 1)","inverse_variance_weighting",1000,2.72795199984522e-09,2.72795199984522e-09,2.72795199984522e-09
"7","K=(0, 1)","inverse_variance_weighting",2000,2.72795199984522e-09,2.72795199984522e-09,2.72795199984522e-09
"8","K=(0, 1)","inverse_variance_weighting",3500,2.72795199984522e-09,2.72795199984522e-09,2.72795199984522e-09
"9","K=(0, 1)","inverse_variance_weighting",5000,2.72795199984522e-09,2.72795199984522e-09,2.72795199984522e-09
"10","K=(0, 1)","inverse_variance_weighting",7500,2.72795199984522e-09,2.72795199984522e-09,2.72795199984522e-09
"11","K=(0, 1)","inverse_variance_weighting",10000,2.72795199984522e-09,2.72795199984522e-09,2.72795199984522e-09
"12","K=(0, 1)","inverse_variance_weighting_optimal",50,2.72795199984522e-09,2.72795199984522e-09,2.72795199984522e-09
"13","K=(0, 1)","inverse_variance_weighting_optimal",100,2.72795199984522e-09,2.72795199984522e-09,2.72795199984522e-09
"14","K=(0, 1)","inverse_variance_weighting_optimal",250,2.72795199984522e-09,2.72795199984522e-09,2.72795199984522e-09
"15","K=(0, 1)","inverse_variance_weighting_optimal",500,2.72795199984522e-09,2.72795199984522e-09,2.72795199984522e-09
"16","K=(0, 1)","inverse_variance_weighting_optimal",750,2.72795199984522e-09,2.72795199984522e-09,2.72795199984522e-09
"17","K=(0, 1)","inverse_variance_weighting_optimal",1000,2.72795199984522e-09,2.72795199984522e-09,2.72795199984522e-09
"18","K=(0, 1)","inverse_variance_weighting_optimal",2000,2.72795199984522e-09,2.72795199984522e-09,2.72795199984522e-09
"19","K=(0, 1)","inverse_variance_weighting_optimal",3500,2.72795199984522e-09,2.72795199984522e-09,2.72795199984522e-09
"20","K=(0, 1)","inverse_variance_weighting_optimal",5000,2.72795199984522e-09,2.72795199984522e-09,2.72795199984522e-09
"21","K=(0, 1)","inverse_variance_weighting_optimal",7500,2.72795199984522e-09,2.72795199984522e-09,2.72795199984522e-09
"22","K=(0, 1)","inverse_variance_weighting_optimal",10000,2.72795199984522e-09,2.72795199984522e-09,2.72795199984522e-09
"23","K=(0, 1)","mean",50,3.09254253946511e-07,2.34924836232945e-07,3.83583671660078e-07
"24","K=(0, 1)","mean",100,1.15766944508336e-07,7.85081635537942e-08,1.53025725462878e-07
"25","K=(0, 1)","mean",250,5.73533289719048e-08,4.75337329494508e-08,6.71729249943588e-08
"26","K=(0, 1)","mean",500,3.87483962629878e-08,2.70341890995485e-08,5.04626034264272e-08
"27","K=(0, 1)","mean",750,2.52202960872486e-08,1.97785054549226e-08,3.06620867195746e-08
"28","K=(0, 1)","mean",1000,3.56323982883088e-08,2.79098242475194e-08,4.33549723290983e-08
"29","K=(0, 1)","mean",2000,1.44936935053991e-08,1.13865942347043e-08,1.76007927760938e-08
"30","K=(0, 1)","mean",3500,9.78530815969791e-09,8.0187374384316e-09,1.15518788809642e-08
"31","K=(0, 1)","mean",5000,8.03107619955137e-09,6.6722135987692e-09,9.38993880033353e-09
"32","K=(0, 1)","mean",7500,7.40643109327702e-09,6.23680970373669e-09,8.57605248281736e-09
"33","K=(0, 1)","mean",10000,4.8309119379756e-09,3.80697670973656e-09,5.85484716621464e-09
"34","K=(0, 1)","player_0",50,1.22218415551055e-06,9.23025863987757e-07,1.52134244703335e-06
"35","K=(0, 1)","player_0",100,4.57646916734927e-07,3.12983334247747e-07,6.02310499222108e-07
"36","K=(0, 1)","player_0",250,2.09711544742546e-07,1.75236927221111e-07,2.44186162263981e-07
"37","K=(0, 1)","player_0",500,1.57563861796135e-07,1.07103216780763e-07,2.08024506811506e-07
"38","K=(0, 1)","player_0",750,9.75143462674661e-08,7.76021270391943e-08,1.17426565495738e-07
"39","K=(0, 1)","player_0",1000,1.34672605049552e-07,1.05731718677442e-07,1.63613491421662e-07
"40","K=(0, 1)","player_0",2000,4.47071642789829e-08,3.43920356165977e-08,5.5022292941368e-08
"41","K=(0, 1)","player_0",3500,2.79546506667345e-08,2.25127277799669e-08,3.3396573553502e-08
"42","K=(0, 1)","player_0",5000,2.12607149579163e-08,1.7335979942054e-08,2.51854499737786e-08
"43","K=(0, 1)","player_0",7500,1.82069893848036e-08,1.49497692079107e-08,2.14642095616966e-08
"44","K=(0, 1)","player_0",10000,1.24349506238276e-08,9.50225433211695e-09,1.53676469155382e-08
"45","K=(0, 1)","player_1",50,2.72795199984522e-09,2.72795199984522e-09,2.72795199984522e-09
"46","K=(0, 1)","player_1",100,2.72795199984522e-09,2.72795199984522e-09,2.72795199984522e-09
"47","K=(0, 1)","player_1",250,2.72795199984522e-09,2.72795199984522e-09,2.72795199984522e-09
"48","K=(0, 1)","player_1",500,2.72795199984522e-09,2.72795199984522e-09,2.72795199984522e-09
"49","K=(0, 1)","player_1",750,2.72795199984522e-09,2.72795199984522e-09,2.72795199984522e-09
"50","K=(0, 1)","player_1",1000,2.72795199984522e-09,2.72795199984522e-09,2.72795199984522e-09
"51","K=(0, 1)","player_1",2000,2.72795199984522e-09,2.72795199984522e-09,2.72795199984522e-09
"52","K=(0, 1)","player_1",3500,2.72795199984522e-09,2.72795199984522e-09,2.72795199984522e-09
"53","K=(0, 1)","player_1",5000,2.72795199984522e-09,2.72795199984522e-09,2.72795199984522e-09
"54","K=(0, 1)","player_1",7500,2.72795199984522e-09,2.72795199984522e-09,2.72795199984522e-09
"55","K=(0, 1)","player_1",10000,2.72795199984522e-09,2.72795199984522e-09,2.72795199984522e-09
"56","K=(0, 2)","inverse_variance_weighting",50,5.34011758166887e-07,5.34011758166887e-07,5.34011758166887e-07
"57","K=(0, 2)","inverse_variance_weighting",100,5.34011758166887e-07,5.34011758166887e-07,5.34011758166887e-07
"58","K=(0, 2)","inverse_variance_weighting",250,5.34011758166887e-07,5.34011758166887e-07,5.34011758166887e-07
"59","K=(0, 2)","inverse_variance_weighting",500,5.34011758166887e-07,5.34011758166887e-07,5.34011758166887e-07
"60","K=(0, 2)","inverse_variance_weighting",750,5.34011758166887e-07,5.34011758166887e-07,5.34011758166887e-07
"61","K=(0, 2)","inverse_variance_weighting",1000,5.34011758166887e-07,5.34011758166887e-07,5.34011758166887e-07
"62","K=(0, 2)","inverse_variance_weighting",2000,5.34011758166887e-07,5.34011758166887e-07,5.34011758166887e-07
"63","K=(0, 2)","inverse_variance_weighting",3500,5.34011758166887e-07,5.34011758166887e-07,5.34011758166887e-07
"64","K=(0, 2)","inverse_variance_weighting",5000,5.34011758166887e-07,5.34011758166887e-07,5.34011758166887e-07
"65","K=(0, 2)","inverse_variance_weighting",7500,5.34011758166887e-07,5.34011758166887e-07,5.34011758166887e-07
"66","K=(0, 2)","inverse_variance_weighting",10000,5.34011758166887e-07,5.34011758166887e-07,5.34011758166887e-07
"67","K=(0, 2)","inverse_variance_weighting_optimal",50,5.34011758166887e-07,5.34011758166887e-07,5.34011758166887e-07
"68","K=(0, 2)","inverse_variance_weighting_optimal",100,5.34011758166887e-07,5.34011758166887e-07,5.34011758166887e-07
"69","K=(0, 2)","inverse_variance_weighting_optimal",250,5.34011758166887e-07,5.34011758166887e-07,5.34011758166887e-07
"70","K=(0, 2)","inverse_variance_weighting_optimal",500,5.34011758166887e-07,5.34011758166887e-07,5.34011758166887e-07
"71","K=(0, 2)","inverse_variance_weighting_optimal",750,5.34011758166887e-07,5.34011758166887e-07,5.34011758166887e-07
"72","K=(0, 2)","inverse_variance_weighting_optimal",1000,5.34011758166887e-07,5.34011758166887e-07,5.34011758166887e-07
"73","K=(0, 2)","inverse_variance_weighting_optimal",2000,5.34011758166887e-07,5.34011758166887e-07,5.34011758166887e-07
"74","K=(0, 2)","inverse_variance_weighting_optimal",3500,5.34011758166887e-07,5.34011758166887e-07,5.34011758166887e-07
"75","K=(0, 2)","inverse_variance_weighting_optimal",5000,5.34011758166887e-07,5.34011758166887e-07,5.34011758166887e-07
"76","K=(0, 2)","inverse_variance_weighting_optimal",7500,5.34011758166887e-07,5.34011758166887e-07,5.34011758166887e-07
"77","K=(0, 2)","inverse_variance_weighting_optimal",10000,5.34011758166887e-07,5.34011758166887e-07,5.34011758166887e-07
"78","K=(0, 2)","mean",50,8.51815975754817e-07,7.38860759304437e-07,9.64771192205196e-07
"79","K=(0, 2)","mean",100,6.45156801318323e-07,5.6637476991228e-07,7.23938832724367e-07
"80","K=(0, 2)","mean",250,6.54891407500343e-07,5.96809237358926e-07,7.12973577641759e-07
"81","K=(0, 2)","mean",500,5.60493639121091e-07,5.11016667005361e-07,6.09970611236821e-07
"82","K=(0, 2)","mean",750,4.98336917109244e-07,4.64751911402542e-07,5.31921922815946e-07
"83","K=(0, 2)","mean",1000,4.78609128264624e-07,4.46218712489241e-07,5.10999544040006e-07
"84","K=(0, 2)","mean",2000,5.4860710030443e-07,5.29301982711973e-07,5.67912217896886e-07
"85","K=(0, 2)","mean",3500,5.18340617472838e-07,5.05861982978717e-07,5.30819251966959e-07
"86","K=(0, 2)","mean",5000,5.38917589621649e-07,5.25989774204119e-07,5.5184540503918e-07
"87","K=(0, 2)","mean",7500,5.37656797788904e-07,5.25852610106423e-07,5.49460985471386e-07
"88","K=(0, 2)","mean",10000,5.29305052008676e-07,5.20046515555051e-07,5.38563588462302e-07
"89","K=(0, 2)","player_0",50,1.50466313510875e-06,1.20230181417578e-06,1.80702445604172e-06
"90","K=(0, 2)","player_0",100,1.12979600815026e-06,9.27496725137009e-07,1.33209529116352e-06
"91","K=(0, 2)","player_0",250,9.41837774433723e-07,8.20403742186052e-07,1.06327180668139e-06
"92","K=(0, 2)","player_0",500,6.85213112256496e-07,5.7462503250582e-07,7.95801192007172e-07
"93","K=(0, 2)","player_0",750,5.23941882706678e-07,4.58246973724357e-07,5.89636791689e-07
"94","K=(0, 2)","player_0",1000,4.9175256096392e-07,4.32719012957058e-07,5.50786108970782e-07
"95","K=(0, 2)","player_0",2000,5.8249394160494e-07,5.45903352609846e-07,6.19084530600033e-07
"96","K=(0, 2)","player_0",3500,5.10493398830538e-07,4.86012602718652e-07,5.34974194942424e-07
"97","K=(0, 2)","player_0",5000,5.51642029936714e-07,5.25952841778751e-07,5.77331218094676e-07
"98","K=(0, 2)","player_0",7500,5.47884220420543e-07,5.24571568241452e-07,5.71196872599634e-07
"99","K=(0, 2)","player_0",10000,5.2864356625246e-07,5.10269794049388e-07,5.47017338455532e-07
"100","K=(0, 2)","player_2",50,5.34011758166887e-07,5.34011758166887e-07,5.34011758166887e-07
"101","K=(0, 2)","player_2",100,5.34011758166887e-07,5.34011758166887e-07,5.34011758166887e-07
"102","K=(0, 2)","player_2",250,5.34011758166887e-07,5.34011758166887e-07,5.34011758166887e-07
"103","K=(0, 2)","player_2",500,5.34011758166887e-07,5.34011758166887e-07,5.34011758166887e-07
"104","K=(0, 2)","player_2",750,5.34011758166887e-07,5.34011758166887e-07,5.34011758166887e-07
"105","K=(0, 2)","player_2",1000,5.34011758166887e-07,5.34011758166887e-07,5.34011758166887e-07
"106","K=(0, 2)","player_2",2000,5.34011758166887e-07,5.34011758166887e-07,5.34011758166887e-07
"107","K=(0, 2)","player_2",3500,5.34011758166887e-07,5.34011758166887e-07,5.34011758166887e-07
"108","K=(0, 2)","player_2",5000,5.34011758166887e-07,5.34011758166887e-07,5.34011758166887e-07
"109","K=(0, 2)","player_2",7500,5.34011758166887e-07,5.34011758166887e-07,5.34011758166887e-07
"110","K=(0, 2)","player_2",10000,5.34011758166887e-07,5.34011758166887e-07,5.34011758166887e-07
"111","K=(1, 3)","inverse_variance_weighting",50,6.51260051845986e-08,6.51260051845986e-08,6.51260051845986e-08
"112","K=(1, 3)","inverse_variance_weighting",100,6.51260051845986e-08,6.51260051845986e-08,6.51260051845986e-08
"113","K=(1, 3)","inverse_variance_weighting",250,6.51260051845986e-08,6.51260051845986e-08,6.51260051845986e-08
"114","K=(1, 3)","inverse_variance_weighting",500,6.51260051845986e-08,6.51260051845986e-08,6.51260051845986e-08
"115","K=(1, 3)","inverse_variance_weighting",750,6.51260051845986e-08,6.51260051845986e-08,6.51260051845986e-08
"116","K=(1, 3)","inverse_variance_weighting",1000,6.51260051845986e-08,6.51260051845986e-08,6.51260051845986e-08
"117","K=(1, 3)","inverse_variance_weighting",2000,6.51260051845986e-08,6.51260051845986e-08,6.51260051845986e-08
"118","K=(1, 3)","inverse_variance_weighting",3500,6.51260051845986e-08,6.51260051845986e-08,6.51260051845986e-08
"119","K=(1, 3)","inverse_variance_weighting",5000,6.51260051845986e-08,6.51260051845986e-08,6.51260051845986e-08
"120","K=(1, 3)","inverse_variance_weighting",7500,6.51260051845986e-08,6.51260051845986e-08,6.51260051845986e-08
"121","K=(1, 3)","inverse_variance_weighting",10000,6.51260051845986e-08,6.51260051845986e-08,6.51260051845986e-08
"122","K=(1, 3)","inverse_variance_weighting_optimal",50,6.51260051845986e-08,6.51260051845986e-08,6.51260051845986e-08
"123","K=(1, 3)","inverse_variance_weighting_optimal",100,6.51260051845986e-08,6.51260051845986e-08,6.51260051845986e-08
"124","K=(1, 3)","inverse_variance_weighting_optimal",250,6.51260051845986e-08,6.51260051845986e-08,6.51260051845986e-08
"125","K=(1, 3)","inverse_variance_weighting_optimal",500,6.51260051845986e-08,6.51260051845986e-08,6.51260051845986e-08
"126","K=(1, 3)","inverse_variance_weighting_optimal",750,6.51260051845986e-08,6.51260051845986e-08,6.51260051845986e-08
"127","K=(1, 3)","inverse_variance_weighting_optimal",1000,6.51260051845986e-08,6.51260051845986e-08,6.51260051845986e-08
"128","K=(1, 3)","inverse_variance_weighting_optimal",2000,6.51260051845986e-08,6.51260051845986e-08,6.51260051845986e-08
"129","K=(1, 3)","inverse_variance_weighting_optimal",3500,6.51260051845986e-08,6.51260051845986e-08,6.51260051845986e-08
"130","K=(1, 3)","inverse_variance_weighting_optimal",5000,6.51260051845986e-08,6.51260051845986e-08,6.51260051845986e-08
"131","K=(1, 3)","inverse_variance_weighting_optimal",7500,6.51260051845986e-08,6.51260051845986e-08,6.51260051845986e-08
"132","K=(1, 3)","inverse_variance_weighting_optimal",10000,6.51260051845986e-08,6.51260051845986e-08,6.51260051845986e-08
"133","K=(1, 3)","mean",50,6.51260051845986e-08,6.51260051845986e-08,6.51260051845986e-08
"134","K=(1, 3)","mean",100,6.51260051845986e-08,6.51260051845986e-08,6.51260051845986e-08
"135","K=(1, 3)","mean",250,6.51260051845986e-08,6.51260051845986e-08,6.51260051845986e-08
"136","K=(1, 3)","mean",500,6.51260051845986e-08,6.51260051845986e-08,6.51260051845986e-08
"137","K=(1, 3)","mean",750,6.51260051845986e-08,6.51260051845986e-08,6.51260051845986e-08
"138","K=(1, 3)","mean",1000,6.51260051845986e-08,6.51260051845986e-08,6.51260051845986e-08
"139","K=(1, 3)","mean",2000,6.51260051845986e-08,6.51260051845986e-08,6.51260051845986e-08
"140","K=(1, 3)","mean",3500,6.51260051845986e-08,6.51260051845986e-08,6.51260051845986e-08
"141","K=(1, 3)","mean",5000,6.51260051845986e-08,6.51260051845986e-08,6.51260051845986e-08
"142","K=(1, 3)","mean",7500,6.51260051845986e-08,6.51260051845986e-08,6.51260051845986e-08
"143","K=(1, 3)","mean",10000,6.51260051845986e-08,6.51260051845986e-08,6.51260051845986e-08
"144","K=(1, 3)","player_1",50,6.51260051845986e-08,6.51260051845986e-08,6.51260051845986e-08
"145","K=(1, 3)","player_1",100,6.51260051845986e-08,6.51260051845986e-08,6.51260051845986e-08
"146","K=(1, 3)","player_1",250,6.51260051845986e-08,6.51260051845986e-08,6.51260051845986e-08
"147","K=(1, 3)","player_1",500,6.51260051845986e-08,6.51260051845986e-08,6.51260051845986e-08
"148","K=(1, 3)","player_1",750,6.51260051845986e-08,6.51260051845986e-08,6.51260051845986e-08
"149","K=(1, 3)","player_1",1000,6.51260051845986e-08,6.51260051845986e-08,6.51260051845986e-08
"150","K=(1, 3)","player_1",2000,6.51260051845986e-08,6.51260051845986e-08,6.51260051845986e-08
"151","K=(1, 3)","player_1",3500,6.51260051845986e-08,6.51260051845986e-08,6.51260051845986e-08
"152","K=(1, 3)","player_1",5000,6.51260051845986e-08,6.51260051845986e-08,6.51260051845986e-08
"153","K=(1, 3)","player_1",7500,6.51260051845986e-08,6.51260051845986e-08,6.51260051845986e-08
"154","K=(1, 3)","player_1",10000,6.51260051845986e-08,6.51260051845986e-08,6.51260051845986e-08
"155","K=(1, 3)","player_3",50,6.51260051845986e-08,6.51260051845986e-08,6.51260051845986e-08
"156","K=(1, 3)","player_3",100,6.51260051845986e-08,6.51260051845986e-08,6.51260051845986e-08
"157","K=(1, 3)","player_3",250,6.51260051845986e-08,6.51260051845986e-08,6.51260051845986e-08
"158","K=(1, 3)","player_3",500,6.51260051845986e-08,6.51260051845986e-08,6.51260051845986e-08
"159","K=(1, 3)","player_3",750,6.51260051845986e-08,6.51260051845986e-08,6.51260051845986e-08
"160","K=(1, 3)","player_3",1000,6.51260051845986e-08,6.51260051845986e-08,6.51260051845986e-08
"161","K=(1, 3)","player_3",2000,6.51260051845986e-08,6.51260051845986e-08,6.51260051845986e-08
"162","K=(1, 3)","player_3",3500,6.51260051845986e-08,6.51260051845986e-08,6.51260051845986e-08
"163","K=(1, 3)","player_3",5000,6.51260051845986e-08,6.51260051845986e-08,6.51260051845986e-08
"164","K=(1, 3)","player_3",7500,6.51260051845986e-08,6.51260051845986e-08,6.51260051845986e-08
"165","K=(1, 3)","player_3",10000,6.51260051845986e-08,6.51260051845986e-08,6.51260051845986e-08
"166","K=(2, 3)","inverse_variance_weighting",50,4.1325973271096e-40,4.1325973271096e-40,4.1325973271096e-40
"167","K=(2, 3)","inverse_variance_weighting",100,4.1325973271096e-40,4.1325973271096e-40,4.1325973271096e-40
"168","K=(2, 3)","inverse_variance_weighting",250,4.1325973271096e-40,4.1325973271096e-40,4.1325973271096e-40
"169","K=(2, 3)","inverse_variance_weighting",500,4.1325973271096e-40,4.1325973271096e-40,4.1325973271096e-40
"170","K=(2, 3)","inverse_variance_weighting",750,4.1325973271096e-40,4.1325973271096e-40,4.1325973271096e-40
"171","K=(2, 3)","inverse_variance_weighting",1000,4.1325973271096e-40,4.1325973271096e-40,4.1325973271096e-40
"172","K=(2, 3)","inverse_variance_weighting",2000,4.1325973271096e-40,4.1325973271096e-40,4.1325973271096e-40
"173","K=(2, 3)","inverse_variance_weighting",3500,4.1325973271096e-40,4.1325973271096e-40,4.1325973271096e-40
"174","K=(2, 3)","inverse_variance_weighting",5000,4.1325973271096e-40,4.1325973271096e-40,4.1325973271096e-40
"175","K=(2, 3)","inverse_variance_weighting",7500,4.1325973271096e-40,4.1325973271096e-40,4.1325973271096e-40
"176","K=(2, 3)","inverse_variance_weighting",10000,4.1325973271096e-40,4.1325973271096e-40,4.1325973271096e-40
"177","K=(2, 3)","inverse_variance_weighting_optimal",50,4.1325973271096e-40,4.1325973271096e-40,4.1325973271096e-40
"178","K=(2, 3)","inverse_variance_weighting_optimal",100,4.1325973271096e-40,4.1325973271096e-40,4.1325973271096e-40
"179","K=(2, 3)","inverse_variance_weighting_optimal",250,4.1325973271096e-40,4.1325973271096e-40,4.1325973271096e-40
"180","K=(2, 3)","inverse_variance_weighting_optimal",500,4.1325973271096e-40,4.1325973271096e-40,4.1325973271096e-40
"181","K=(2, 3)","inverse_variance_weighting_optimal",750,4.1325973271096e-40,4.1325973271096e-40,4.1325973271096e-40
"182","K=(2, 3)","inverse_variance_weighting_optimal",1000,4.1325973271096e-40,4.1325973271096e-40,4.1325973271096e-40
"183","K=(2, 3)","inverse_variance_weighting_optimal",2000,4.1325973271096e-40,4.1325973271096e-40,4.1325973271096e-40
"184","K=(2, 3)","inverse_variance_weighting_optimal",3500,4.1325973271096e-40,4.1325973271096e-40,4.1325973271096e-40
"185","K=(2, 3)","inverse_variance_weighting_optimal",5000,4.1325973271096e-40,4.1325973271096e-40,4.1325973271096e-40
"186","K=(2, 3)","inverse_variance_weighting_optimal",7500,4.1325973271096e-40,4.1325973271096e-40,4.1325973271096e-40
"187","K=(2, 3)","inverse_variance_weighting_optimal",10000,4.1325973271096e-40,4.1325973271096e-40,4.1325973271096e-40
"188","K=(2, 3)","mean",50,4.1325973271096e-40,4.1325973271096e-40,4.1325973271096e-40
"189","K=(2, 3)","mean",100,4.1325973271096e-40,4.1325973271096e-40,4.1325973271096e-40
"190","K=(2, 3)","mean",250,4.1325973271096e-40,4.1325973271096e-40,4.1325973271096e-40
"191","K=(2, 3)","mean",500,4.1325973271096e-40,4.1325973271096e-40,4.1325973271096e-40
"192","K=(2, 3)","mean",750,4.1325973271096e-40,4.1325973271096e-40,4.1325973271096e-40
"193","K=(2, 3)","mean",1000,4.1325973271096e-40,4.1325973271096e-40,4.1325973271096e-40
"194","K=(2, 3)","mean",2000,4.1325973271096e-40,4.1325973271096e-40,4.1325973271096e-40
"195","K=(2, 3)","mean",3500,4.1325973271096e-40,4.1325973271096e-40,4.1325973271096e-40
"196","K=(2, 3)","mean",5000,4.1325973271096e-40,4.1325973271096e-40,4.1325973271096e-40
"197","K=(2, 3)","mean",7500,4.1325973271096e-40,4.1325973271096e-40,4.1325973271096e-40
"198","K=(2, 3)","mean",10000,4.1325973271096e-40,4.1325973271096e-40,4.1325973271096e-40
"199","K=(2, 3)","player_2",50,4.1325973271096e-40,4.1325973271096e-40,4.1325973271096e-40
"200","K=(2, 3)","player_2",100,4.1325973271096e-40,4.1325973271096e-40,4.1325973271096e-40
"201","K=(2, 3)","player_2",250,4.1325973271096e-40,4.1325973271096e-40,4.1325973271096e-40
"202","K=(2, 3)","player_2",500,4.1325973271096e-40,4.1325973271096e-40,4.1325973271096e-40
"203","K=(2, 3)","player_2",750,4.1325973271096e-40,4.1325973271096e-40,4.1325973271096e-40
"204","K=(2, 3)","player_2",1000,4.1325973271096e-40,4.1325973271096e-40,4.1325973271096e-40
"205","K=(2, 3)","player_2",2000,4.1325973271096e-40,4.1325973271096e-40,4.1325973271096e-40
"206","K=(2, 3)","player_2",3500,4.1325973271096e-40,4.1325973271096e-40,4.1325973271096e-40
"207","K=(2, 3)","player_2",5000,4.1325973271096e-40,4.1325973271096e-40,4.1325973271096e-40
"208","K=(2, 3)","player_2",7500,4.1325973271096e-40,4.1325973271096e-40,4.1325973271096e-40
"209","K=(2, 3)","player_2",10000,4.1325973271096e-40,4.1325973271096e-40,4.1325973271096e-40
"210","K=(2, 3)","player_3",50,4.1325973271096e-40,4.1325973271096e-40,4.1325973271096e-40
"211","K=(2, 3)","player_3",100,4.1325973271096e-40,4.1325973271096e-40,4.1325973271096e-40
"212","K=(2, 3)","player_3",250,4.1325973271096e-40,4.1325973271096e-40,4.1325973271096e-40
"213","K=(2, 3)","player_3",500,4.1325973271096e-40,4.1325973271096e-40,4.1325973271096e-40
"214","K=(2, 3)","player_3",750,4.1325973271096e-40,4.1325973271096e-40,4.1325973271096e-40
"215","K=(2, 3)","player_3",1000,4.1325973271096e-40,4.1325973271096e-40,4.1325973271096e-40
"216","K=(2, 3)","player_3",2000,4.1325973271096e-40,4.1325973271096e-40,4.1325973271096e-40
"217","K=(2, 3)","player_3",3500,4.1325973271096e-40,4.1325973271096e-40,4.1325973271096e-40
"218","K=(2, 3)","player_3",5000,4.1325973271096e-40,4.1325973271096e-40,4.1325973271096e-40
"219","K=(2, 3)","player_3",7500,4.1325973271096e-40,4.1325973271096e-40,4.1325973271096e-40
"220","K=(2, 3)","player_3",10000,4.1325973271096e-40,4.1325973271096e-40,4.1325973271096e-40
"221","K=(4, 5)","inverse_variance_weighting",50,4.59177480789956e-41,4.59177480789956e-41,4.59177480789956e-41
"222","K=(4, 5)","inverse_variance_weighting",100,4.59177480789956e-41,4.59177480789956e-41,4.59177480789956e-41
"223","K=(4, 5)","inverse_variance_weighting",250,4.59177480789956e-41,4.59177480789956e-41,4.59177480789956e-41
"224","K=(4, 5)","inverse_variance_weighting",500,4.59177480789956e-41,4.59177480789956e-41,4.59177480789956e-41
"225","K=(4, 5)","inverse_variance_weighting",750,4.59177480789956e-41,4.59177480789956e-41,4.59177480789956e-41
"226","K=(4, 5)","inverse_variance_weighting",1000,4.59177480789956e-41,4.59177480789956e-41,4.59177480789956e-41
"227","K=(4, 5)","inverse_variance_weighting",2000,4.59177480789956e-41,4.59177480789956e-41,4.59177480789956e-41
"228","K=(4, 5)","inverse_variance_weighting",3500,4.59177480789956e-41,4.59177480789956e-41,4.59177480789956e-41
"229","K=(4, 5)","inverse_variance_weighting",5000,4.59177480789956e-41,4.59177480789956e-41,4.59177480789956e-41
"230","K=(4, 5)","inverse_variance_weighting",7500,4.59177480789956e-41,4.59177480789956e-41,4.59177480789956e-41
"231","K=(4, 5)","inverse_variance_weighting",10000,4.59177480789956e-41,4.59177480789956e-41,4.59177480789956e-41
"232","K=(4, 5)","inverse_variance_weighting_optimal",50,4.59177480789956e-41,4.59177480789956e-41,4.59177480789957e-41
"233","K=(4, 5)","inverse_variance_weighting_optimal",100,4.59177480789956e-41,4.59177480789956e-41,4.59177480789956e-41
"234","K=(4, 5)","inverse_variance_weighting_optimal",250,4.59177480789956e-41,4.59177480789956e-41,4.59177480789956e-41
"235","K=(4, 5)","inverse_variance_weighting_optimal",500,4.59177480789956e-41,4.59177480789956e-41,4.59177480789956e-41
"236","K=(4, 5)","inverse_variance_weighting_optimal",750,4.59177480789956e-41,4.59177480789956e-41,4.59177480789956e-41
"237","K=(4, 5)","inverse_variance_weighting_optimal",1000,4.59177480789956e-41,4.59177480789956e-41,4.59177480789956e-41
"238","K=(4, 5)","inverse_variance_weighting_optimal",2000,4.59177480789956e-41,4.59177480789956e-41,4.59177480789956e-41
"239","K=(4, 5)","inverse_variance_weighting_optimal",3500,4.59177480789956e-41,4.59177480789956e-41,4.59177480789956e-41
"240","K=(4, 5)","inverse_variance_weighting_optimal",5000,4.59177480789956e-41,4.59177480789956e-41,4.59177480789956e-41
"241","K=(4, 5)","inverse_variance_weighting_optimal",7500,4.59177480789956e-41,4.59177480789956e-41,4.59177480789956e-41
"242","K=(4, 5)","inverse_variance_weighting_optimal",10000,4.59177480789956e-41,4.59177480789956e-41,4.59177480789956e-41
"243","K=(4, 5)","mean",50,5.40041985587083e-08,2.03072159091485e-08,8.7701181208268e-08
"244","K=(4, 5)","mean",100,1.93890565932255e-08,1.34880573510132e-08,2.52900558354377e-08
"245","K=(4, 5)","mean",250,9.46853607214669e-09,7.64698485340489e-09,1.12900872908885e-08
"246","K=(4, 5)","mean",500,3.60592507106531e-09,2.9106622750459e-09,4.30118786708473e-09
"247","K=(4, 5)","mean",750,2.96016459709613e-09,2.45290142370887e-09,3.46742777048338e-09
"248","K=(4, 5)","mean",1000,2.3759029246295e-09,1.86546005892065e-09,2.88634579033835e-09
"249","K=(4, 5)","mean",2000,1.0314690144702e-09,8.13842461258707e-10,1.24909556768169e-09
"250","K=(4, 5)","mean",3500,4.56334638485194e-10,3.78406697968235e-10,5.34262579002154e-10
"251","K=(4, 5)","mean",5000,4.18001803349263e-10,3.30975196304966e-10,5.0502841039356e-10
"252","K=(4, 5)","mean",7500,4.02819139407449e-10,3.35049829647322e-10,4.70588449167577e-10
"253","K=(4, 5)","mean",10000,2.09022069996267e-10,1.70336328640907e-10,2.47707811351626e-10
"254","K=(4, 5)","player_4",50,2.16016794234833e-07,8.12288636365941e-08,3.50804724833072e-07
"255","K=(4, 5)","player_4",100,7.75562263729019e-08,5.3952229404053e-08,1.01160223341751e-07
"256","K=(4, 5)","player_4",250,3.78741442885868e-08,3.05879394136196e-08,4.5160349163554e-08
"257","K=(4, 5)","player_4",500,1.44237002842613e-08,1.16426491001836e-08,1.72047514683389e-08
"258","K=(4, 5)","player_4",750,1.18406583883845e-08,9.81160569483547e-09,1.38697110819335e-08
"259","K=(4, 5)","player_4",1000,9.50361169851801e-09,7.46184023568261e-09,1.15453831613534e-08
"260","K=(4, 5)","player_4",2000,4.1258760578808e-09,3.25536984503483e-09,4.99638227072677e-09
"261","K=(4, 5)","player_4",3500,1.82533855394078e-09,1.51362679187294e-09,2.13705031600862e-09
"262","K=(4, 5)","player_4",5000,1.67200721339705e-09,1.32390078521987e-09,2.02011364157424e-09
"263","K=(4, 5)","player_4",7500,1.6112765576298e-09,1.34019931858929e-09,1.88235379667031e-09
"264","K=(4, 5)","player_4",10000,8.36088279985067e-10,6.81345314563629e-10,9.90831245406505e-10
"265","K=(4, 5)","player_5",50,4.59177480789956e-41,4.59177480789956e-41,4.59177480789956e-41
"266","K=(4, 5)","player_5",100,4.59177480789956e-41,4.59177480789956e-41,4.59177480789956e-41
"267","K=(4, 5)","player_5",250,4.59177480789956e-41,4.59177480789956e-41,4.59177480789956e-41
"268","K=(4, 5)","player_5",500,4.59177480789956e-41,4.59177480789956e-41,4.59177480789956e-41
"269","K=(4, 5)","player_5",750,4.59177480789956e-41,4.59177480789956e-41,4.59177480789956e-41
"270","K=(4, 5)","player_5",1000,4.59177480789956e-41,4.59177480789956e-41,4.59177480789956e-41
"271","K=(4, 5)","player_5",2000,4.59177480789956e-41,4.59177480789956e-41,4.59177480789956e-41
"272","K=(4, 5)","player_5",3500,4.59177480789956e-41,4.59177480789956e-41,4.59177480789956e-41
"273","K=(4, 5)","player_5",5000,4.59177480789956e-41,4.59177480789956e-41,4.59177480789956e-41
"274","K=(4, 5)","player_5",7500,4.59177480789956e-41,4.59177480789956e-41,4.59177480789956e-41
"275","K=(4, 5)","player_5",10000,4.59177480789956e-41,4.59177480789956e-41,4.59177480789956e-41
"276","K=(4, 6)","inverse_variance_weighting",50,1.95097332666819e-08,1.52415181587882e-08,2.37779483745755e-08
"277","K=(4, 6)","inverse_variance_weighting",100,1.35179296213614e-08,9.08974207907744e-09,1.79461171636454e-08
"278","K=(4, 6)","inverse_variance_weighting",250,9.54156951325469e-09,7.87078093444244e-09,1.12123580920669e-08
"279","K=(4, 6)","inverse_variance_weighting",500,9.22036169415086e-09,7.14820477047338e-09,1.12925186178283e-08
"280","K=(4, 6)","inverse_variance_weighting",750,6.74165665558162e-09,5.66261457022674e-09,7.8206987409365e-09
"281","K=(4, 6)","inverse_variance_weighting",1000,6.55747363985439e-09,5.63416107943728e-09,7.48078620027151e-09
"282","K=(4, 6)","inverse_variance_weighting",2000,5.82065561072958e-09,5.16381331114407e-09,6.47749791031508e-09
"283","K=(4, 6)","inverse_variance_weighting",3500,6.02011864930796e-09,5.5215677891778e-09,6.51866950943812e-09
"284","K=(4, 6)","inverse_variance_weighting",5000,4.25883452645631e-09,3.85361001139319e-09,4.66405904151944e-09
"285","K=(4, 6)","inverse_variance_weighting",7500,5.30770346685173e-09,4.99118534461129e-09,5.62422158909218e-09
"286","K=(4, 6)","inverse_variance_weighting",10000,5.41811688783922e-09,5.12686044428192e-09,5.70937333139652e-09
"287","K=(4, 6)","inverse_variance_weighting_optimal",50,3.8654144602853e-08,3.10323045503842e-08,4.62759846553219e-08
"288","K=(4, 6)","inverse_variance_weighting_optimal",100,2.004259126387e-08,1.50192491672926e-08,2.50659333604474e-08
"289","K=(4, 6)","inverse_variance_weighting_optimal",250,1.12747145712894e-08,9.42003790736176e-09,1.3129391235217e-08
"290","K=(4, 6)","inverse_variance_weighting_optimal",500,9.10119264906451e-09,7.01962021350912e-09,1.11827650846199e-08
"291","K=(4, 6)","inverse_variance_weighting_optimal",750,7.11174481213792e-09,5.98205789470902e-09,8.24143172956683e-09
"292","K=(4, 6)","inverse_variance_weighting_optimal",1000,7.0000025011595e-09,5.95428438563986e-09,8.04572061667914e-09
"293","K=(4, 6)","inverse_variance_weighting_optimal",2000,6.19368439671252e-09,5.51070980103804e-09,6.876658992387e-09
"294","K=(4, 6)","inverse_variance_weighting_optimal",3500,6.1516069816151e-09,5.63695313781704e-09,6.66626082541316e-09
"295","K=(4, 6)","inverse_variance_weighting_optimal",5000,4.34794430599237e-09,3.9458182542769e-09,4.75007035770784e-09
"296","K=(4, 6)","inverse_variance_weighting_optimal",7500,5.38318631816582e-09,5.06633921272853e-09,5.7000334236031e-09
"297","K=(4, 6)","inverse_variance_weighting_optimal",10000,5.50256944268586e-09,5.21278177164258e-09,5.79235711372914e-09
"298","K=(4, 6)","mean",50,6.4618842155284e-08,4.30236570741522e-08,8.62140272364159e-08
"299","K=(4, 6)","mean",100,2.67977000548005e-08,1.94229731644625e-08,3.41724269451385e-08
"300","K=(4, 6)","mean",250,1.34027637277372e-08,1.11494969308862e-08,1.56560305245883e-08
"301","K=(4, 6)","mean",500,1.16083022158043e-08,9.25288212416506e-09,1.39637223074436e-08
"302","K=(4, 6)","mean",750,9.71649309982185e-09,8.13323703584469e-09,1.1299749163799e-08
"303","K=(4, 6)","mean",1000,7.8064439814077e-09,6.36056713858718e-09,9.25232082422823e-09
"304","K=(4, 6)","mean",2000,7.68088898578269e-09,6.76273847851665e-09,8.59903949304873e-09
"305","K=(4, 6)","mean",3500,6.47649138714211e-09,5.93121664350965e-09,7.02176613077458e-09
"306","K=(4, 6)","mean",5000,4.6661428256638e-09,4.17935691903552e-09,5.15292873229208e-09
"307","K=(4, 6)","mean",7500,5.8120884049438e-09,5.38963004894512e-09,6.23454676094249e-09
"308","K=(4, 6)","mean",10000,5.31165764471077e-09,4.94514838014269e-09,5.67816690927885e-09
"309","K=(4, 6)","player_4",50,2.10012008547949e-07,1.30179596531126e-07,2.89844420564773e-07
"310","K=(4, 6)","player_4",100,7.62568504196186e-08,6.01601065976628e-08,9.23535942415743e-08
"311","K=(4, 6)","player_4",250,2.59784025419904e-08,2.16265213188931e-08,3.03302837650877e-08
"312","K=(4, 6)","player_4",500,2.43556174490964e-08,1.99680137210419e-08,2.87432211771508e-08
"313","K=(4, 6)","player_4",750,1.87619427508244e-08,1.54680212477255e-08,2.20558642539233e-08
"314","K=(4, 6)","player_4",1000,1.22996692309153e-08,9.05949347019174e-09,1.55398449916389e-08
"315","K=(4, 6)","player_4",2000,1.28387990385222e-08,1.08905735771467e-08,1.47870244998978e-08
"316","K=(4, 6)","player_4",3500,8.0312256653539e-09,7.09237521396663e-09,8.97007611674118e-09
"317","K=(4, 6)","player_4",5000,5.98447448613429e-09,5.14021496895048e-09,6.82873400331809e-09
"318","K=(4, 6)","player_4",7500,7.21010704611658e-09,6.32937387641786e-09,8.09084021581529e-09
"319","K=(4, 6)","player_4",10000,5.42199864857118e-09,4.75165866379962e-09,6.09233863334275e-09
"320","K=(4, 6)","player_6",50,5.20873072239354e-08,3.9689711414015e-08,6.44849030338557e-08
"321","K=(4, 6)","player_6",100,2.52852648008121e-08,1.95739782200542e-08,3.099655138157e-08
"322","K=(4, 6)","player_6",250,1.20838806437937e-08,1.00216367652779e-08,1.41461245223094e-08
"323","K=(4, 6)","player_6",500,9.55648154321867e-09,7.45372176446408e-09,1.16592413219733e-08
"324","K=(4, 6)","player_6",750,6.44052560022238e-09,5.37693684367517e-09,7.50411435676959e-09
"325","K=(4, 6)","player_6",1000,7.24785017119841e-09,6.0854329700581e-09,8.41026737233871e-09
"326","K=(4, 6)","player_6",2000,5.80710933547385e-09,5.08271620911404e-09,6.53150246183365e-09
"327","K=(4, 6)","player_6",3500,6.18002047414129e-09,5.55285140055336e-09,6.80718954772921e-09
"328","K=(4, 6)","player_6",5000,4.32264919021173e-09,3.90617389573227e-09,4.7391244846912e-09
"329","K=(4, 6)","player_6",7500,5.24718428641669e-09,4.88493372913434e-09,5.60943484369905e-09
"330","K=(4, 6)","player_6",10000,5.75737603855554e-09,5.4515562539766e-09,6.06319582313447e-09
"331","K=(5, 7)","inverse_variance_weighting",50,4.59177480789956e-41,4.59177480789956e-41,4.59177480789956e-41
"332","K=(5, 7)","inverse_variance_weighting",100,4.59177480789956e-41,4.59177480789956e-41,4.59177480789956e-41
"333","K=(5, 7)","inverse_variance_weighting",250,4.59177480789956e-41,4.59177480789956e-41,4.59177480789956e-41
"334","K=(5, 7)","inverse_variance_weighting",500,4.59177480789956e-41,4.59177480789956e-41,4.59177480789956e-41
"335","K=(5, 7)","inverse_variance_weighting",750,4.59177480789956e-41,4.59177480789956e-41,4.59177480789956e-41
"336","K=(5, 7)","inverse_variance_weighting",1000,4.59177480789956e-41,4.59177480789956e-41,4.59177480789956e-41
"337","K=(5, 7)","inverse_variance_weighting",2000,4.59177480789956e-41,4.59177480789956e-41,4.59177480789956e-41
"338","K=(5, 7)","inverse_variance_weighting",3500,4.59177480789956e-41,4.59177480789956e-41,4.59177480789956e-41
"339","K=(5, 7)","inverse_variance_weighting",5000,4.59177480789956e-41,4.59177480789956e-41,4.59177480789956e-41
"340","K=(5, 7)","inverse_variance_weighting",7500,4.59177480789956e-41,4.59177480789956e-41,4.59177480789956e-41
"341","K=(5, 7)","inverse_variance_weighting",10000,4.59177480789956e-41,4.59177480789956e-41,4.59177480789956e-41
"342","K=(5, 7)","inverse_variance_weighting_optimal",50,4.59177480789956e-41,4.59177480789956e-41,4.59177480789956e-41
"343","K=(5, 7)","inverse_variance_weighting_optimal",100,4.59177480789956e-41,4.59177480789956e-41,4.59177480789956e-41
"344","K=(5, 7)","inverse_variance_weighting_optimal",250,4.59177480789956e-41,4.59177480789956e-41,4.59177480789956e-41
"345","K=(5, 7)","inverse_variance_weighting_optimal",500,4.59177480789956e-41,4.59177480789956e-41,4.59177480789956e-41
"346","K=(5, 7)","inverse_variance_weighting_optimal",750,4.59177480789956e-41,4.59177480789956e-41,4.59177480789956e-41
"347","K=(5, 7)","inverse_variance_weighting_optimal",1000,4.59177480789956e-41,4.59177480789956e-41,4.59177480789956e-41
"348","K=(5, 7)","inverse_variance_weighting_optimal",2000,4.59177480789956e-41,4.59177480789956e-41,4.59177480789956e-41
"349","K=(5, 7)","inverse_variance_weighting_optimal",3500,4.59177480789956e-41,4.59177480789956e-41,4.59177480789956e-41
"350","K=(5, 7)","inverse_variance_weighting_optimal",5000,4.59177480789956e-41,4.59177480789956e-41,4.59177480789956e-41
"351","K=(5, 7)","inverse_variance_weighting_optimal",7500,4.59177480789956e-41,4.59177480789956e-41,4.59177480789956e-41
"352","K=(5, 7)","inverse_variance_weighting_optimal",10000,4.59177480789956e-41,4.59177480789956e-41,4.59177480789956e-41
"353","K=(5, 7)","mean",50,5.20816069982695e-07,3.52862166129908e-07,6.88769973835482e-07
"354","K=(5, 7)","mean",100,1.58235497391435e-07,1.25561460385187e-07,1.90909534397683e-07
"355","K=(5, 7)","mean",250,6.55407946378784e-08,5.4152888899751e-08,7.69287003760058e-08
"356","K=(5, 7)","mean",500,3.23500771575068e-08,2.53692130876515e-08,3.93309412273621e-08
"357","K=(5, 7)","mean",750,1.86644406190041e-08,1.46362711978052e-08,2.2692610040203e-08
"358","K=(5, 7)","mean",1000,1.34471367373542e-08,1.15271643026805e-08,1.5367109172028e-08
"359","K=(5, 7)","mean",2000,5.80014505068988e-09,4.58580611511856e-09,7.0144839862612e-09
"360","K=(5, 7)","mean",3500,3.85419164782609e-09,3.18634419734128e-09,4.5220390983109e-09
"361","K=(5, 7)","mean",5000,2.73656914365875e-09,2.11621541917439e-09,3.35692286814311e-09
"362","K=(5, 7)","mean",7500,2.85696719824814e-09,2.1307391865172e-09,3.58319520997908e-09
"363","K=(5, 7)","mean",10000,1.71439089372364e-09,1.32094181707034e-09,2.10783997037693e-09
"364","K=(5, 7)","player_5",50,4.59177480789956e-41,4.59177480789956e-41,4.59177480789956e-41
"365","K=(5, 7)","player_5",100,4.59177480789956e-41,4.59177480789956e-41,4.59177480789956e-41
"366","K=(5, 7)","player_5",250,4.59177480789956e-41,4.59177480789956e-41,4.59177480789956e-41
"367","K=(5, 7)","player_5",500,4.59177480789956e-41,4.59177480789956e-41,4.59177480789956e-41
"368","K=(5, 7)","player_5",750,4.59177480789956e-41,4.59177480789956e-41,4.59177480789956e-41
"369","K=(5, 7)","player_5",1000,4.59177480789956e-41,4.59177480789956e-41,4.59177480789956e-41
"370","K=(5, 7)","player_5",2000,4.59177480789956e-41,4.59177480789956e-41,4.59177480789956e-41
"371","K=(5, 7)","player_5",3500,4.59177480789956e-41,4.59177480789956e-41,4.59177480789956e-41
"372","K=(5, 7)","player_5",5000,4.59177480789956e-41,4.59177480789956e-41,4.59177480789956e-41
"373","K=(5, 7)","player_5",7500,4.59177480789956e-41,4.59177480789956e-41,4.59177480789956e-41
"374","K=(5, 7)","player_5",10000,4.59177480789956e-41,4.59177480789956e-41,4.59177480789956e-41
"375","K=(5, 7)","player_7",50,2.08326427993078e-06,1.41144866451963e-06,2.75507989534193e-06
"376","K=(5, 7)","player_7",100,6.32941989565739e-07,5.02245841540747e-07,7.6363813759073e-07
"377","K=(5, 7)","player_7",250,2.62163178551514e-07,2.16611555599004e-07,3.07714801504023e-07
"378","K=(5, 7)","player_7",500,1.29400308630027e-07,1.01476852350606e-07,1.57323764909449e-07
"379","K=(5, 7)","player_7",750,7.46577624760163e-08,5.85450847912206e-08,9.07704401608119e-08
"380","K=(5, 7)","player_7",1000,5.37885469494168e-08,4.61086572107218e-08,6.14684366881119e-08
"381","K=(5, 7)","player_7",2000,2.32005802027595e-08,1.83432244604742e-08,2.80579359450448e-08
"382","K=(5, 7)","player_7",3500,1.54167665913044e-08,1.27453767893651e-08,1.80881563932436e-08
"383","K=(5, 7)","player_7",5000,1.0946276574635e-08,8.46486167669757e-09,1.34276914725725e-08
"384","K=(5, 7)","player_7",7500,1.14278687929926e-08,8.52295674606882e-09,1.43327808399163e-08
"385","K=(5, 7)","player_7",10000,6.85756357489455e-09,5.28376726828137e-09,8.43135988150773e-09
"386","K=(6, 7)","inverse_variance_weighting",50,2.14180217055387e-07,1.86743633393519e-07,2.41616800717255e-07
"387","K=(6, 7)","inverse_variance_weighting",100,2.04418057747267e-07,1.85601311188192e-07,2.23234804306342e-07
"388","K=(6, 7)","inverse_variance_weighting",250,1.86237923900851e-07,1.76053673112909e-07,1.96422174688792e-07
"389","K=(6, 7)","inverse_variance_weighting",500,1.80685536511144e-07,1.72249588586272e-07,1.89121484436017e-07
"390","K=(6, 7)","inverse_variance_weighting",750,1.92480423443597e-07,1.86248196923028e-07,1.98712649964165e-07
"391","K=(6, 7)","inverse_variance_weighting",1000,2.01350341539744e-07,1.95564719212428e-07,2.07135963867059e-07
"392","K=(6, 7)","inverse_variance_weighting",2000,1.86200595252172e-07,1.82337074480852e-07,1.90064116023492e-07
"393","K=(6, 7)","inverse_variance_weighting",3500,1.95622646720856e-07,1.92502305397827e-07,1.98742988043884e-07
"394","K=(6, 7)","inverse_variance_weighting",5000,1.91165637964493e-07,1.88769721677998e-07,1.93561554250989e-07
"395","K=(6, 7)","inverse_variance_weighting",7500,1.9232836484147e-07,1.90582288146119e-07,1.94074441536822e-07
"396","K=(6, 7)","inverse_variance_weighting",10000,1.93627405592633e-07,1.91631773197324e-07,1.95623037987942e-07
"397","K=(6, 7)","inverse_variance_weighting_optimal",50,2.13740257089769e-07,1.87407254539776e-07,2.40073259639761e-07
"398","K=(6, 7)","inverse_variance_weighting_optimal",100,2.12201012198744e-07,1.90583991005195e-07,2.33818033392294e-07
"399","K=(6, 7)","inverse_variance_weighting_optimal",250,1.88533568692782e-07,1.78666394090731e-07,1.98400743294833e-07
"400","K=(6, 7)","inverse_variance_weighting_optimal",500,1.82588703876344e-07,1.73701108116399e-07,1.91476299636289e-07
"401","K=(6, 7)","inverse_variance_weighting_optimal",750,1.9337275765149e-07,1.86858981682551e-07,1.99886533620429e-07
"402","K=(6, 7)","inverse_variance_weighting_optimal",1000,2.01961407876714e-07,1.96087613176886e-07,2.07835202576542e-07
"403","K=(6, 7)","inverse_variance_weighting_optimal",2000,1.86717301161792e-07,1.82809474486028e-07,1.90625127837555e-07
"404","K=(6, 7)","inverse_variance_weighting_optimal",3500,1.95913124012703e-07,1.92751058207759e-07,1.99075189817647e-07
"405","K=(6, 7)","inverse_variance_weighting_optimal",5000,1.91285046028751e-07,1.88904868507406e-07,1.93665223550096e-07
"406","K=(6, 7)","inverse_variance_weighting_optimal",7500,1.92530114231457e-07,1.90782124627251e-07,1.94278103835662e-07
"407","K=(6, 7)","inverse_variance_weighting_optimal",10000,1.93650844504715e-07,1.91634372106637e-07,1.95667316902793e-07
"408","K=(6, 7)","mean",50,5.31920173264605e-07,4.36514168440174e-07,6.27326178089037e-07
"409","K=(6, 7)","mean",100,2.74705921693649e-07,2.33740201338833e-07,3.15671642048465e-07
"410","K=(6, 7)","mean",250,2.56193719671427e-07,2.20157934932862e-07,2.92229504409993e-07
"411","K=(6, 7)","mean",500,1.78666909316779e-07,1.59241337138023e-07,1.98092481495535e-07
"412","K=(6, 7)","mean",750,2.26473606123806e-07,2.05592280319615e-07,2.47354931927996e-07
"413","K=(6, 7)","mean",1000,2.53002891715334e-07,2.31085330993226e-07,2.74920452437441e-07
"414","K=(6, 7)","mean",2000,1.76827320536036e-07,1.66448612307708e-07,1.87206028764363e-07
"415","K=(6, 7)","mean",3500,1.9818222097427e-07,1.8818574918987e-07,2.0817869275867e-07
"416","K=(6, 7)","mean",5000,1.96396800847419e-07,1.88195312755486e-07,2.04598288939352e-07
"417","K=(6, 7)","mean",7500,2.00113730434975e-07,1.94191846266661e-07,2.06035614603289e-07
"418","K=(6, 7)","mean",10000,1.8042047112046e-07,1.76090127624723e-07,1.84750814616198e-07
"419","K=(6, 7)","player_6",50,2.11610481771676e-07,1.86121832316155e-07,2.37099131227198e-07
"420","K=(6, 7)","player_6",100,2.17281047238534e-07,1.94199820301387e-07,2.40362274175681e-07
"421","K=(6, 7)","player_6",250,1.88376164730138e-07,1.7852807321741e-07,1.98224256242866e-07
"422","K=(6, 7)","player_6",500,1.8494144058348e-07,1.75626079124345e-07,1.94256802042616e-07
"423","K=(6, 7)","player_6",750,1.926008770531e-07,1.86220347900568e-07,1.98981406205633e-07
"424","K=(6, 7)","player_6",1000,1.99766132885607e-07,1.9411988421224e-07,2.05412381558975e-07
"425","K=(6, 7)","player_6",2000,1.87891059813609e-07,1.83931921878716e-07,1.91850197748502e-07
"426","K=(6, 7)","player_6",3500,1.96186889785632e-07,1.92941261544985e-07,1.99432518026278e-07
"427","K=(6, 7)","player_6",5000,1.91202599483153e-07,1.88818347696993e-07,1.93586851269313e-07
"428","K=(6, 7)","player_6",7500,1.92155653240144e-07,1.9035770510112e-07,1.93953601379168e-07
"429","K=(6, 7)","player_6",10000,1.94646960276161e-07,1.92599604208814e-07,1.96694316343508e-07
"430","K=(6, 7)","player_7",50,1.52451702964766e-06,1.25842426909006e-06,1.79060979020526e-06
"431","K=(6, 7)","player_7",100,6.28207693933915e-07,5.20068406143012e-07,7.36346981724817e-07
"432","K=(6, 7)","player_7",250,4.63275363108411e-07,3.70947056905582e-07,5.55603669311241e-07
"433","K=(6, 7)","player_7",500,2.37551421693413e-07,1.97280265624654e-07,2.77822577762172e-07
"434","K=(6, 7)","player_7",750,3.06481067620717e-07,2.61774967804975e-07,3.51187167436458e-07
"435","K=(6, 7)","player_7",1000,3.46587867611965e-07,2.98075207409166e-07,3.95100527814764e-07
"436","K=(6, 7)","player_7",2000,1.81117313784266e-07,1.61421956068682e-07,2.0081267149985e-07
"437","K=(6, 7)","player_7",3500,2.13622853721325e-07,1.93666154049593e-07,2.33579553393056e-07
"438","K=(6, 7)","player_7",5000,2.09930546241525e-07,1.93548320985509e-07,2.26312771497541e-07
"439","K=(6, 7)","player_7",7500,2.12547780639505e-07,2.00235847376529e-07,2.2485971390248e-07
"440","K=(6, 7)","player_7",10000,1.69201031321503e-07,1.61099761972405e-07,1.77302300670601e-07
"441","K=(0, 1, 2)","inverse_variance_weighting",50,4.54825021335248e-08,4.54825021335248e-08,4.54825021335248e-08
"442","K=(0, 1, 2)","inverse_variance_weighting",100,4.54825021335248e-08,4.54825021335248e-08,4.54825021335248e-08
"443","K=(0, 1, 2)","inverse_variance_weighting",250,4.54825021335248e-08,4.54825021335248e-08,4.54825021335248e-08
"444","K=(0, 1, 2)","inverse_variance_weighting",500,4.54825021335248e-08,4.54825021335248e-08,4.54825021335248e-08
"445","K=(0, 1, 2)","inverse_variance_weighting",750,4.54825021335248e-08,4.54825021335248e-08,4.54825021335248e-08
"446","K=(0, 1, 2)","inverse_variance_weighting",1000,4.54825021335248e-08,4.54825021335248e-08,4.54825021335248e-08
"447","K=(0, 1, 2)","inverse_variance_weighting",2000,4.54825021335248e-08,4.54825021335248e-08,4.54825021335248e-08
"448","K=(0, 1, 2)","inverse_variance_weighting",3500,4.54825021335248e-08,4.54825021335248e-08,4.54825021335248e-08
"449","K=(0, 1, 2)","inverse_variance_weighting",5000,4.54825021335248e-08,4.54825021335248e-08,4.54825021335248e-08
"450","K=(0, 1, 2)","inverse_variance_weighting",7500,4.54825021335248e-08,4.54825021335248e-08,4.54825021335248e-08
"451","K=(0, 1, 2)","inverse_variance_weighting",10000,4.54825021335248e-08,4.54825021335248e-08,4.54825021335248e-08
"452","K=(0, 1, 2)","inverse_variance_weighting_optimal",50,4.54825021335248e-08,4.54825021335248e-08,4.54825021335248e-08
"453","K=(0, 1, 2)","inverse_variance_weighting_optimal",100,4.54825021335248e-08,4.54825021335248e-08,4.54825021335248e-08
"454","K=(0, 1, 2)","inverse_variance_weighting_optimal",250,4.54825021335248e-08,4.54825021335248e-08,4.54825021335248e-08
"455","K=(0, 1, 2)","inverse_variance_weighting_optimal",500,4.54825021335248e-08,4.54825021335248e-08,4.54825021335248e-08
"456","K=(0, 1, 2)","inverse_variance_weighting_optimal",750,4.54825021335248e-08,4.54825021335248e-08,4.54825021335248e-08
"457","K=(0, 1, 2)","inverse_variance_weighting_optimal",1000,4.54825021335248e-08,4.54825021335248e-08,4.54825021335248e-08
"458","K=(0, 1, 2)","inverse_variance_weighting_optimal",2000,4.54825021335248e-08,4.54825021335248e-08,4.54825021335248e-08
"459","K=(0, 1, 2)","inverse_variance_weighting_optimal",3500,4.54825021335248e-08,4.54825021335248e-08,4.54825021335248e-08
"460","K=(0, 1, 2)","inverse_variance_weighting_optimal",5000,4.54825021335248e-08,4.54825021335248e-08,4.54825021335248e-08
"461","K=(0, 1, 2)","inverse_variance_weighting_optimal",7500,4.54825021335248e-08,4.54825021335248e-08,4.54825021335248e-08
"462","K=(0, 1, 2)","inverse_variance_weighting_optimal",10000,4.54825021335248e-08,4.54825021335248e-08,4.54825021335248e-08
"463","K=(0, 1, 2)","mean",50,3.43647172271146e-07,2.42611048672367e-07,4.44683295869925e-07
"464","K=(0, 1, 2)","mean",100,7.13553846046469e-07,5.25948680135447e-07,9.01159011957491e-07
"465","K=(0, 1, 2)","mean",250,2.21555333644805e-07,1.70929403027314e-07,2.72181264262295e-07
"466","K=(0, 1, 2)","mean",500,1.67422023294179e-07,1.39876586180875e-07,1.94967460407482e-07
"467","K=(0, 1, 2)","mean",750,1.23846256442234e-07,1.06066134062555e-07,1.41626378821913e-07
"468","K=(0, 1, 2)","mean",1000,9.87528402921776e-08,8.30696749262194e-08,1.14436005658136e-07
"469","K=(0, 1, 2)","mean",2000,7.3180760636066e-08,6.45920577797494e-08,8.17694634923827e-08
"470","K=(0, 1, 2)","mean",3500,6.51867670670664e-08,5.8187593422651e-08,7.21859407114818e-08
"471","K=(0, 1, 2)","mean",5000,5.85045174883424e-08,5.21991875763987e-08,6.48098474002861e-08
"472","K=(0, 1, 2)","mean",7500,4.8869669463946e-08,4.49393166386432e-08,5.28000222892487e-08
"473","K=(0, 1, 2)","mean",10000,4.74117314689231e-08,4.31378810948068e-08,5.16855818430395e-08
"474","K=(0, 1, 2)","player_0",50,3.01177550225235e-06,2.18212413440395e-06,3.84142687010076e-06
"475","K=(0, 1, 2)","player_0",100,6.44451891007117e-06,4.58237717557036e-06,8.30666064457198e-06
"476","K=(0, 1, 2)","player_0",250,1.73957870939269e-06,1.34381519058588e-06,2.13534222819951e-06
"477","K=(0, 1, 2)","player_0",500,1.14390999357136e-06,9.14408472801948e-07,1.37341151434077e-06
"478","K=(0, 1, 2)","player_0",750,7.78440486509504e-07,6.58560015489017e-07,8.98320957529992e-07
"479","K=(0, 1, 2)","player_0",1000,5.14004374029026e-07,4.11800244179578e-07,6.16208503878474e-07
"480","K=(0, 1, 2)","player_0",2000,2.67859337820639e-07,2.28042981798271e-07,3.07675693843007e-07
"481","K=(0, 1, 2)","player_0",3500,1.68222562662335e-07,1.40164276950881e-07,1.96280848373789e-07
"482","K=(0, 1, 2)","player_0",5000,1.36602779540209e-07,1.10892488321471e-07,1.62313070758946e-07
"483","K=(0, 1, 2)","player_0",7500,8.06350988895317e-08,6.79540693162094e-08,9.3316128462854e-08
"484","K=(0, 1, 2)","player_0",10000,8.36358934967201e-08,6.97171792013042e-08,9.75546077921361e-08
"485","K=(0, 1, 2)","player_1",50,4.54825021335248e-08,4.54825021335248e-08,4.54825021335248e-08
"486","K=(0, 1, 2)","player_1",100,4.54825021335248e-08,4.54825021335248e-08,4.54825021335248e-08
"487","K=(0, 1, 2)","player_1",250,4.54825021335248e-08,4.54825021335248e-08,4.54825021335248e-08
"488","K=(0, 1, 2)","player_1",500,4.54825021335248e-08,4.54825021335248e-08,4.54825021335248e-08
"489","K=(0, 1, 2)","player_1",750,4.54825021335248e-08,4.54825021335248e-08,4.54825021335248e-08
"490","K=(0, 1, 2)","player_1",1000,4.54825021335248e-08,4.54825021335248e-08,4.54825021335248e-08
"491","K=(0, 1, 2)","player_1",2000,4.54825021335248e-08,4.54825021335248e-08,4.54825021335248e-08
"492","K=(0, 1, 2)","player_1",3500,4.54825021335248e-08,4.54825021335248e-08,4.54825021335248e-08
"493","K=(0, 1, 2)","player_1",5000,4.54825021335248e-08,4.54825021335248e-08,4.54825021335248e-08
"494","K=(0, 1, 2)","player_1",7500,4.54825021335248e-08,4.54825021335248e-08,4.54825021335248e-08
"495","K=(0, 1, 2)","player_1",10000,4.54825021335248e-08,4.54825021335248e-08,4.54825021335248e-08
"496","K=(0, 1, 2)","player_2",50,4.54825021335248e-08,4.54825021335248e-08,4.54825021335248e-08
"497","K=(0, 1, 2)","player_2",100,4.54825021335248e-08,4.54825021335248e-08,4.54825021335248e-08
"498","K=(0, 1, 2)","player_2",250,4.54825021335248e-08,4.54825021335248e-08,4.54825021335248e-08
"499","K=(0, 1, 2)","player_2",500,4.54825021335248e-08,4.54825021335248e-08,4.54825021335248e-08
"500","K=(0, 1, 2)","player_2",750,4.54825021335248e-08,4.54825021335248e-08,4.54825021335248e-08
"501","K=(0, 1, 2)","player_2",1000,4.54825021335248e-08,4.54825021335248e-08,4.54825021335248e-08
"502","K=(0, 1, 2)","player_2",2000,4.54825021335248e-08,4.54825021335248e-08,4.54825021335248e-08
"503","K=(0, 1, 2)","player_2",3500,4.54825021335248e-08,4.54825021335248e-08,4.54825021335248e-08
"504","K=(0, 1, 2)","player_2",5000,4.54825021335248e-08,4.54825021335248e-08,4.54825021335248e-08
"505","K=(0, 1, 2)","player_2",7500,4.54825021335248e-08,4.54825021335248e-08,4.54825021335248e-08
"506","K=(0, 1, 2)","player_2",10000,4.54825021335248e-08,4.54825021335248e-08,4.54825021335248e-08
"507","K=(3, 4, 5)","inverse_variance_weighting",50,1.32702291948297e-38,1.32702291948297e-38,1.32702291948297e-38
"508","K=(3, 4, 5)","inverse_variance_weighting",100,1.32702291948297e-38,1.32702291948297e-38,1.32702291948297e-38
"509","K=(3, 4, 5)","inverse_variance_weighting",250,1.32702291948297e-38,1.32702291948297e-38,1.32702291948297e-38
"510","K=(3, 4, 5)","inverse_variance_weighting",500,1.32702291948297e-38,1.32702291948297e-38,1.32702291948297e-38
"511","K=(3, 4, 5)","inverse_variance_weighting",750,1.32702291948297e-38,1.32702291948297e-38,1.32702291948297e-38
"512","K=(3, 4, 5)","inverse_variance_weighting",1000,1.32702291948297e-38,1.32702291948297e-38,1.32702291948297e-38
"513","K=(3, 4, 5)","inverse_variance_weighting",2000,1.32702291948297e-38,1.32702291948297e-38,1.32702291948297e-38
"514","K=(3, 4, 5)","inverse_variance_weighting",3500,1.32702291948297e-38,1.32702291948297e-38,1.32702291948297e-38
"515","K=(3, 4, 5)","inverse_variance_weighting",5000,1.32702291948297e-38,1.32702291948297e-38,1.32702291948297e-38
"516","K=(3, 4, 5)","inverse_variance_weighting",7500,1.32702291948297e-38,1.32702291948297e-38,1.32702291948297e-38
"517","K=(3, 4, 5)","inverse_variance_weighting",10000,1.32702291948297e-38,1.32702291948297e-38,1.32702291948297e-38
"518","K=(3, 4, 5)","inverse_variance_weighting_optimal",50,1.32702291948297e-38,1.32702291948297e-38,1.32702291948297e-38
"519","K=(3, 4, 5)","inverse_variance_weighting_optimal",100,1.32702291948297e-38,1.32702291948297e-38,1.32702291948297e-38
"520","K=(3, 4, 5)","inverse_variance_weighting_optimal",250,1.32702291948297e-38,1.32702291948297e-38,1.32702291948297e-38
"521","K=(3, 4, 5)","inverse_variance_weighting_optimal",500,1.32702291948297e-38,1.32702291948297e-38,1.32702291948297e-38
"522","K=(3, 4, 5)","inverse_variance_weighting_optimal",750,1.32702291948297e-38,1.32702291948297e-38,1.32702291948297e-38
"523","K=(3, 4, 5)","inverse_variance_weighting_optimal",1000,1.32702291948297e-38,1.32702291948297e-38,1.32702291948297e-38
"524","K=(3, 4, 5)","inverse_variance_weighting_optimal",2000,1.32702291948297e-38,1.32702291948297e-38,1.32702291948297e-38
"525","K=(3, 4, 5)","inverse_variance_weighting_optimal",3500,1.32702291948297e-38,1.32702291948297e-38,1.32702291948297e-38
"526","K=(3, 4, 5)","inverse_variance_weighting_optimal",5000,1.32702291948297e-38,1.32702291948297e-38,1.32702291948297e-38
"527","K=(3, 4, 5)","inverse_variance_weighting_optimal",7500,1.32702291948297e-38,1.32702291948297e-38,1.32702291948297e-38
"528","K=(3, 4, 5)","inverse_variance_weighting_optimal",10000,1.32702291948297e-38,1.32702291948297e-38,1.32702291948297e-38
"529","K=(3, 4, 5)","mean",50,8.17679089861998e-08,5.053307576724e-08,1.1300274220516e-07
"530","K=(3, 4, 5)","mean",100,4.29253880577307e-08,3.05379439131475e-08,5.5312832202314e-08
"531","K=(3, 4, 5)","mean",250,1.7185978628427e-08,1.44164144037508e-08,1.99555428531032e-08
"532","K=(3, 4, 5)","mean",500,1.18082877724503e-08,9.21260967104252e-09,1.44039658738581e-08
"533","K=(3, 4, 5)","mean",750,5.81876381457093e-09,4.47308609680202e-09,7.16444153233985e-09
"534","K=(3, 4, 5)","mean",1000,4.58742999534816e-09,3.55362730503006e-09,5.62123268566625e-09
"535","K=(3, 4, 5)","mean",2000,2.49905923877795e-09,1.87876855518338e-09,3.11934992237251e-09
"536","K=(3, 4, 5)","mean",3500,1.07447727051065e-09,8.61532296044776e-10,1.28742224497653e-09
"537","K=(3, 4, 5)","mean",5000,9.44615320554112e-10,7.74073851466147e-10,1.11515678964208e-09
"538","K=(3, 4, 5)","mean",7500,5.56753113569646e-10,4.56020918974528e-10,6.57485308164763e-10
"539","K=(3, 4, 5)","mean",10000,4.45730673911255e-10,3.69497501091233e-10,5.21963846731278e-10
"540","K=(3, 4, 5)","player_3",50,1.32702291948297e-38,1.32702291948297e-38,1.32702291948297e-38
"541","K=(3, 4, 5)","player_3",100,1.32702291948297e-38,1.32702291948297e-38,1.32702291948297e-38
"542","K=(3, 4, 5)","player_3",250,1.32702291948297e-38,1.32702291948297e-38,1.32702291948297e-38
"543","K=(3, 4, 5)","player_3",500,1.32702291948297e-38,1.32702291948297e-38,1.32702291948297e-38
"544","K=(3, 4, 5)","player_3",750,1.32702291948297e-38,1.32702291948297e-38,1.32702291948297e-38
"545","K=(3, 4, 5)","player_3",1000,1.32702291948297e-38,1.32702291948297e-38,1.32702291948297e-38
"546","K=(3, 4, 5)","player_3",2000,1.32702291948297e-38,1.32702291948297e-38,1.32702291948297e-38
"547","K=(3, 4, 5)","player_3",3500,1.32702291948297e-38,1.32702291948297e-38,1.32702291948297e-38
"548","K=(3, 4, 5)","player_3",5000,1.32702291948297e-38,1.32702291948297e-38,1.32702291948297e-38
"549","K=(3, 4, 5)","player_3",7500,1.32702291948297e-38,1.32702291948297e-38,1.32702291948297e-38
"550","K=(3, 4, 5)","player_3",10000,1.32702291948297e-38,1.32702291948297e-38,1.32702291948297e-38
"551","K=(3, 4, 5)","player_4",50,7.35911180875798e-07,4.5479768190516e-07,1.01702467984644e-06
"552","K=(3, 4, 5)","player_4",100,3.86328492519577e-07,2.74841495218327e-07,4.97815489820826e-07
"553","K=(3, 4, 5)","player_4",250,1.54673807655843e-07,1.29747729633757e-07,1.79599885677929e-07
"554","K=(3, 4, 5)","player_4",500,1.06274589952053e-07,8.29134870393827e-08,1.29635692864723e-07
"555","K=(3, 4, 5)","player_4",750,5.23688743311384e-08,4.02577748712182e-08,6.44799737910586e-08
"556","K=(3, 4, 5)","player_4",1000,4.12868699581334e-08,3.19826457452705e-08,5.05910941709963e-08
"557","K=(3, 4, 5)","player_4",2000,2.24915331490015e-08,1.69089169966505e-08,2.80741493013526e-08
"558","K=(3, 4, 5)","player_4",3500,9.67029543459588e-09,7.75379066440299e-09,1.15868002047888e-08
"559","K=(3, 4, 5)","player_4",5000,8.50153788498701e-09,6.96666466319533e-09,1.00364111067787e-08
"560","K=(3, 4, 5)","player_4",7500,5.01077802212681e-09,4.10418827077075e-09,5.91736777348287e-09
"561","K=(3, 4, 5)","player_4",10000,4.01157606520130e-09,3.32547750982110e-09,4.69767462058150e-09
"562","K=(3, 4, 5)","player_5",50,1.32702291948297e-38,1.32702291948297e-38,1.32702291948297e-38
"563","K=(3, 4, 5)","player_5",100,1.32702291948297e-38,1.32702291948297e-38,1.32702291948297e-38
"564","K=(3, 4, 5)","player_5",250,1.32702291948297e-38,1.32702291948297e-38,1.32702291948297e-38
"565","K=(3, 4, 5)","player_5",500,1.32702291948297e-38,1.32702291948297e-38,1.32702291948297e-38
"566","K=(3, 4, 5)","player_5",750,1.32702291948297e-38,1.32702291948297e-38,1.32702291948297e-38
"567","K=(3, 4, 5)","player_5",1000,1.32702291948297e-38,1.32702291948297e-38,1.32702291948297e-38
"568","K=(3, 4, 5)","player_5",2000,1.32702291948297e-38,1.32702291948297e-38,1.32702291948297e-38
"569","K=(3, 4, 5)","player_5",3500,1.32702291948297e-38,1.32702291948297e-38,1.32702291948297e-38
"570","K=(3, 4, 5)","player_5",5000,1.32702291948297e-38,1.32702291948297e-38,1.32702291948297e-38
"571","K=(3, 4, 5)","player_5",7500,1.32702291948297e-38,1.32702291948297e-38,1.32702291948297e-38
"572","K=(3, 4, 5)","player_5",10000,1.32702291948297e-38,1.32702291948297e-38,1.32702291948297e-38
"573","K=(6, 7, 8)","inverse_variance_weighting",50,4.46392899329263e-07,2.87933702822864e-07,6.04852095835661e-07
"574","K=(6, 7, 8)","inverse_variance_weighting",100,1.08859808866251e-07,8.17282639660361e-08,1.35991353766466e-07
"575","K=(6, 7, 8)","inverse_variance_weighting",250,6.60086335746906e-08,4.32748316316857e-08,8.87424355176955e-08
"576","K=(6, 7, 8)","inverse_variance_weighting",500,4.5106271178737e-08,3.45424266978693e-08,5.56701156596047e-08
"577","K=(6, 7, 8)","inverse_variance_weighting",750,1.64056562228438e-08,1.32723810589177e-08,1.95389313867698e-08
"578","K=(6, 7, 8)","inverse_variance_weighting",1000,3.78943904670267e-08,2.25444124350454e-08,5.32443684990081e-08
"579","K=(6, 7, 8)","inverse_variance_weighting",2000,1.45772534105537e-08,1.1120188462612e-08,1.80343183584954e-08
"580","K=(6, 7, 8)","inverse_variance_weighting",3500,7.14359025517738e-09,5.90286543000525e-09,8.38431508034951e-09
"581","K=(6, 7, 8)","inverse_variance_weighting",5000,5.32148266397382e-09,4.08688454540309e-09,6.55608078254456e-09
"582","K=(6, 7, 8)","inverse_variance_weighting",7500,2.49054788130324e-09,2.02513784360419e-09,2.95595791900229e-09
"583","K=(6, 7, 8)","inverse_variance_weighting",10000,2.2525523289516e-09,1.73282060180877e-09,2.77228405609443e-09
"584","K=(6, 7, 8)","inverse_variance_weighting_optimal",50,6.58711071556091e-07,4.05404248785897e-07,9.12017894326284e-07
"585","K=(6, 7, 8)","inverse_variance_weighting_optimal",100,4.47286743943884e-07,1.54456140139e-07,7.40117347748768e-07
"586","K=(6, 7, 8)","inverse_variance_weighting_optimal",250,6.04993217422999e-08,4.77665168109326e-08,7.32321266736671e-08
"587","K=(6, 7, 8)","inverse_variance_weighting_optimal",500,6.29310501890083e-08,4.51796980722956e-08,8.06824023057209e-08
"588","K=(6, 7, 8)","inverse_variance_weighting_optimal",750,2.03306707869739e-08,1.67747587308961e-08,2.38865828430517e-08
"589","K=(6, 7, 8)","inverse_variance_weighting_optimal",1000,3.09767559825344e-08,2.00060928228868e-08,4.19474191421821e-08
"590","K=(6, 7, 8)","inverse_variance_weighting_optimal",2000,1.41024268804833e-08,1.06552146957317e-08,1.7549639065235e-08
"591","K=(6, 7, 8)","inverse_variance_weighting_optimal",3500,7.5657601196708e-09,5.88843706760583e-09,9.24308317173577e-09
"592","K=(6, 7, 8)","inverse_variance_weighting_optimal",5000,4.61987183606486e-09,3.64859617132648e-09,5.59114750080325e-09
"593","K=(6, 7, 8)","inverse_variance_weighting_optimal",7500,2.72140678912247e-09,2.15714030246759e-09,3.28567327577734e-09
"594","K=(6, 7, 8)","inverse_variance_weighting_optimal",10000,2.41833166770024e-09,1.8233119073483e-09,3.01335142805219e-09
"595","K=(6, 7, 8)","mean",50,2.42803483397424e-06,1.92539486877301e-06,2.93067479917547e-06
"596","K=(6, 7, 8)","mean",100,2.11583598918492e-06,8.58524430989388e-07,3.37314754738045e-06
"597","K=(6, 7, 8)","mean",250,5.7641808249153e-07,4.88494721404833e-07,6.64341443578227e-07
"598","K=(6, 7, 8)","mean",500,3.12224974108412e-07,2.30983589117589e-07,3.93466359099235e-07
"599","K=(6, 7, 8)","mean",750,2.16733755877381e-07,1.7468575828452e-07,2.58781753470242e-07
"600","K=(6, 7, 8)","mean",1000,2.59757422912661e-07,2.00639245139806e-07,3.18875600685516e-07
"601","K=(6, 7, 8)","mean",2000,1.02934257082511e-07,8.6661690676834e-08,1.19206823488189e-07
"602","K=(6, 7, 8)","mean",3500,4.54133311495597e-08,3.58128006360488e-08,5.50138616630706e-08
"603","K=(6, 7, 8)","mean",5000,4.44475195030252e-08,3.64754950108318e-08,5.24195439952186e-08
"604","K=(6, 7, 8)","mean",7500,2.77655728189077e-08,2.29224671445871e-08,3.26086784932283e-08
"605","K=(6, 7, 8)","mean",10000,1.92603414789498e-08,1.58046155676116e-08,2.27160673902879e-08
"606","K=(6, 7, 8)","player_6",50,7.36972431570435e-07,4.51981434415926e-07,1.02196342872494e-06
"607","K=(6, 7, 8)","player_6",100,5.67819667058676e-07,1.67116616908438e-07,9.68522717208915e-07
"608","K=(6, 7, 8)","player_6",250,5.62657184298128e-08,4.49040064723934e-08,6.76274303872322e-08
"609","K=(6, 7, 8)","player_6",500,7.61604944778166e-08,5.28623832576895e-08,9.94586056979438e-08
"610","K=(6, 7, 8)","player_6",750,2.46618527164401e-08,1.90113457303539e-08,3.03123597025262e-08
"611","K=(6, 7, 8)","player_6",1000,3.07370719607989e-08,2.22869881948491e-08,3.91871557267486e-08
"612","K=(6, 7, 8)","player_6",2000,1.6633020098751e-08,1.31419313729668e-08,2.01241088245351e-08
"613","K=(6, 7, 8)","player_6",3500,8.84659438689848e-09,6.71097042559172e-09,1.09822183482053e-08
"614","K=(6, 7, 8)","player_6",5000,5.15279234605832e-09,4.15171598155592e-09,6.15386871056072e-09
"615","K=(6, 7, 8)","player_6",7500,3.33184240427996e-09,2.52408789378181e-09,4.13959691477811e-09
"616","K=(6, 7, 8)","player_6",10000,2.54513915754787e-09,1.91664807601331e-09,3.17363023908243e-09
"617","K=(6, 7, 8)","player_7",50,7.85480101812332e-06,6.27162808643765e-06,9.43797394980899e-06
"618","K=(6, 7, 8)","player_7",100,1.21462496922145e-05,4.07943998595724e-06,2.02130593984719e-05
"619","K=(6, 7, 8)","player_7",250,2.03191166841751e-06,1.67720443642837e-06,2.38661890040666e-06
"620","K=(6, 7, 8)","player_7",500,1.61361243477611e-06,1.19584708106955e-06,2.03137778848267e-06
"621","K=(6, 7, 8)","player_7",750,9.52318195948697e-07,5.92333562720226e-07,1.31230282917717e-06
"622","K=(6, 7, 8)","player_7",1000,1.1936418623749e-06,9.03040885034174e-07,1.48424283971563e-06
"623","K=(6, 7, 8)","player_7",2000,3.40947377658215e-07,2.68074145212139e-07,4.13820610104291e-07
"624","K=(6, 7, 8)","player_7",3500,2.39946420886906e-07,2.02890989501761e-07,2.77001852272052e-07
"625","K=(6, 7, 8)","player_7",5000,1.87769379799411e-07,1.50898760424409e-07,2.24639999174413e-07
"626","K=(6, 7, 8)","player_7",7500,1.36155875652313e-07,1.17162243252586e-07,1.55149508052039e-07
"627","K=(6, 7, 8)","player_7",10000,9.72085589168671e-08,7.84583134437233e-08,1.15958804390011e-07
"628","K=(6, 7, 8)","player_8",50,9.44589383757413e-06,6.80961341046392e-06,1.20821742646843e-05
"629","K=(6, 7, 8)","player_8",100,3.25826301546881e-06,2.45193436285742e-06,4.0645916680802e-06
"630","K=(6, 7, 8)","player_8",250,1.5250690833776e-06,1.20504996292275e-06,1.84508820383245e-06
"631","K=(6, 7, 8)","player_8",500,8.58419678639344e-07,6.89155973769195e-07,1.02768338350949e-06
"632","K=(6, 7, 8)","player_8",750,6.63448588515334e-07,5.36827252221142e-07,7.90069924809526e-07
"633","K=(6, 7, 8)","player_8",1000,5.43880187524635e-07,4.47418895835542e-07,6.40341479213728e-07
"634","K=(6, 7, 8)","player_8",2000,3.03376193112054e-07,2.46281499934265e-07,3.60470886289843e-07
"635","K=(6, 7, 8)","player_8",3500,1.07014329653726e-07,8.67304425279025e-08,1.27298216779549e-07
"636","K=(6, 7, 8)","player_8",5000,8.7066385723587e-08,7.05896467664623e-08,1.03543124680712e-07
"637","K=(6, 7, 8)","player_8",7500,5.04071290888314e-08,4.04658079454364e-08,6.03484502322263e-08
"638","K=(6, 7, 8)","player_8",10000,3.39561362793022e-08,2.68031085842963e-08,4.11091639743081e-08
"639","K=(9, 10, 11)","inverse_variance_weighting",50,4.38274601997155e-09,4.38274601997155e-09,4.38274601997155e-09
"640","K=(9, 10, 11)","inverse_variance_weighting",100,4.38274601997155e-09,4.38274601997155e-09,4.38274601997155e-09
"641","K=(9, 10, 11)","inverse_variance_weighting",250,4.38274601997155e-09,4.38274601997155e-09,4.38274601997155e-09
"642","K=(9, 10, 11)","inverse_variance_weighting",500,4.38274601997155e-09,4.38274601997155e-09,4.38274601997155e-09
"643","K=(9, 10, 11)","inverse_variance_weighting",750,4.38274601997155e-09,4.38274601997155e-09,4.38274601997155e-09
"644","K=(9, 10, 11)","inverse_variance_weighting",1000,4.38274601997155e-09,4.38274601997155e-09,4.38274601997155e-09
"645","K=(9, 10, 11)","inverse_variance_weighting",2000,4.38274601997155e-09,4.38274601997155e-09,4.38274601997155e-09
"646","K=(9, 10, 11)","inverse_variance_weighting",3500,4.38274601997155e-09,4.38274601997155e-09,4.38274601997155e-09
"647","K=(9, 10, 11)","inverse_variance_weighting",5000,4.38274601997155e-09,4.38274601997155e-09,4.38274601997155e-09
"648","K=(9, 10, 11)","inverse_variance_weighting",7500,4.38274601997155e-09,4.38274601997155e-09,4.38274601997155e-09
"649","K=(9, 10, 11)","inverse_variance_weighting",10000,4.38274601997155e-09,4.38274601997155e-09,4.38274601997155e-09
"650","K=(9, 10, 11)","inverse_variance_weighting_optimal",50,4.38274601997155e-09,4.38274601997155e-09,4.38274601997155e-09
"651","K=(9, 10, 11)","inverse_variance_weighting_optimal",100,4.38274601997155e-09,4.38274601997155e-09,4.38274601997155e-09
"652","K=(9, 10, 11)","inverse_variance_weighting_optimal",250,4.38274601997155e-09,4.38274601997155e-09,4.38274601997155e-09
"653","K=(9, 10, 11)","inverse_variance_weighting_optimal",500,4.38274601997155e-09,4.38274601997155e-09,4.38274601997155e-09
"654","K=(9, 10, 11)","inverse_variance_weighting_optimal",750,4.38274601997155e-09,4.38274601997155e-09,4.38274601997155e-09
"655","K=(9, 10, 11)","inverse_variance_weighting_optimal",1000,4.38274601997155e-09,4.38274601997155e-09,4.38274601997155e-09
"656","K=(9, 10, 11)","inverse_variance_weighting_optimal",2000,4.38274601997155e-09,4.38274601997155e-09,4.38274601997155e-09
"657","K=(9, 10, 11)","inverse_variance_weighting_optimal",3500,4.38274601997155e-09,4.38274601997155e-09,4.38274601997155e-09
"658","K=(9, 10, 11)","inverse_variance_weighting_optimal",5000,4.38274601997155e-09,4.38274601997155e-09,4.38274601997155e-09
"659","K=(9, 10, 11)","inverse_variance_weighting_optimal",7500,4.38274601997155e-09,4.38274601997155e-09,4.38274601997155e-09
"660","K=(9, 10, 11)","inverse_variance_weighting_optimal",10000,4.38274601997155e-09,4.38274601997155e-09,4.38274601997155e-09
"661","K=(9, 10, 11)","mean",50,1.28642220695088e-07,9.42077227355422e-08,1.63076718654634e-07
"662","K=(9, 10, 11)","mean",100,4.82788067332225e-08,3.75948875542609e-08,5.89627259121841e-08
"663","K=(9, 10, 11)","mean",250,4.17063338750765e-08,3.15860844092215e-08,5.18265833409314e-08
"664","K=(9, 10, 11)","mean",500,2.16808668027846e-08,1.67147960923326e-08,2.66469375132366e-08
"665","K=(9, 10, 11)","mean",750,1.02439860903539e-08,8.58238744375382e-09,1.1905584736954e-08
"666","K=(9, 10, 11)","mean",1000,1.10226020219559e-08,9.40985943905635e-09,1.26353446048555e-08
"667","K=(9, 10, 11)","mean",2000,9.34351195221787e-09,7.80482498290464e-09,1.08821989215311e-08
"668","K=(9, 10, 11)","mean",3500,5.84095047902298e-09,4.91338390992477e-09,6.76851704812119e-09
"669","K=(9, 10, 11)","mean",5000,4.66993946429343e-09,4.12657439904756e-09,5.2133045295393e-09
"670","K=(9, 10, 11)","mean",7500,4.82039839405003e-09,4.2948657077144e-09,5.34593108038566e-09
"671","K=(9, 10, 11)","mean",10000,5.01647621410978e-09,4.57503680965712e-09,5.45791561856244e-09
"672","K=(9, 10, 11)","player_10",50,9.51339815542607e-07,6.45289469698015e-07,1.2573901613872e-06
"673","K=(9, 10, 11)","player_10",100,2.19078967642817e-07,1.66563093634669e-07,2.71594841650966e-07
"674","K=(9, 10, 11)","player_10",250,1.78295508931254e-07,1.31631821466816e-07,2.24959196395692e-07
"675","K=(9, 10, 11)","player_10",500,1.2070758842415e-07,9.43763873414748e-08,1.47038789506826e-07
"676","K=(9, 10, 11)","player_10",750,4.06154030830692e-08,3.14960834695963e-08,4.9734722696542e-08
"677","K=(9, 10, 11)","player_10",1000,4.19073226671558e-08,3.52833587248644e-08,4.85312866094472e-08
"678","K=(9, 10, 11)","player_10",2000,2.72532697744194e-08,2.19508624022934e-08,3.25556771465455e-08
"679","K=(9, 10, 11)","player_10",3500,1.54917710885092e-08,1.25576999305671e-08,1.84258422464513e-08
"680","K=(9, 10, 11)","player_10",5000,8.62917646605195e-09,7.02316103708494e-09,1.0235191895019e-08
"681","K=(9, 10, 11)","player_10",7500,7.32763433653901e-09,5.9531221912358e-09,8.70214648184223e-09
"682","K=(9, 10, 11)","player_10",10000,8.66631309486868e-09,7.26697189948878e-09,1.00656542902486e-08
"683","K=(9, 10, 11)","player_11",50,4.38274601997155e-09,4.38274601997155e-09,4.38274601997155e-09
"684","K=(9, 10, 11)","player_11",100,4.38274601997155e-09,4.38274601997155e-09,4.38274601997155e-09
"685","K=(9, 10, 11)","player_11",250,4.38274601997155e-09,4.38274601997155e-09,4.38274601997155e-09
"686","K=(9, 10, 11)","player_11",500,4.38274601997155e-09,4.38274601997155e-09,4.38274601997155e-09
"687","K=(9, 10, 11)","player_11",750,4.38274601997155e-09,4.38274601997155e-09,4.38274601997155e-09
"688","K=(9, 10, 11)","player_11",1000,4.38274601997155e-09,4.38274601997155e-09,4.38274601997155e-09
"689","K=(9, 10, 11)","player_11",2000,4.38274601997155e-09,4.38274601997155e-09,4.38274601997155e-09
"690","K=(9, 10, 11)","player_11",3500,4.38274601997155e-09,4.38274601997155e-09,4.38274601997155e-09
"691","K=(9, 10, 11)","player_11",5000,4.38274601997155e-09,4.38274601997155e-09,4.38274601997155e-09
"692","K=(9, 10, 11)","player_11",7500,4.38274601997155e-09,4.38274601997155e-09,4.38274601997155e-09
"693","K=(9, 10, 11)","player_11",10000,4.38274601997155e-09,4.38274601997155e-09,4.38274601997155e-09
"694","K=(9, 10, 11)","player_9",50,1.90608410375356e-07,1.27876933529311e-07,2.53339887221401e-07
"695","K=(9, 10, 11)","player_9",100,1.33881278974375e-07,9.60602086709402e-08,1.7170234927781e-07
"696","K=(9, 10, 11)","player_9",250,6.7514344511183e-08,5.25310199288506e-08,8.24976690935155e-08
"697","K=(9, 10, 11)","player_9",500,3.06028281511166e-08,2.30865530073853e-08,3.81191032948479e-08
"698","K=(9, 10, 11)","player_9",750,2.22552665499643e-08,1.83565313624196e-08,2.6154001737509e-08
"699","K=(9, 10, 11)","player_9",1000,9.7133548939397e-09,8.24120154487909e-09,1.11855082430003e-08
"700","K=(9, 10, 11)","player_9",2000,1.42614915248135e-08,1.16141784025866e-08,1.69088046470403e-08
"701","K=(9, 10, 11)","player_9",3500,7.85733695811283e-09,6.14973232741954e-09,9.56494158880612e-09
"702","K=(9, 10, 11)","player_9",5000,7.07896679190794e-09,6.12692478200993e-09,8.03100880180595e-09
"703","K=(9, 10, 11)","player_9",7500,6.15383580628804e-09,5.48006985209651e-09,6.82760176047957e-09
"704","K=(9, 10, 11)","player_9",10000,5.20825836767008e-09,4.50397496919326e-09,5.91254176614691e-09
