Game,k,Approximator,Variant,Budget,MSE_mean,MSE_std,MSE_min,MSE_max,MSE_se,Prec@10_mean,Prec@10_std,Prec@10_min,Prec@10_max,Prec@10_se,Runtime_mean,Runtime_std,Runtime_min,Runtime_max,Runtime_se
AdultCensusGlobalXAI,1,KernelSHAPIQ,,16,3.8582854060923486e+26,2.7282197744008977e+27,0.006227702847157754,1.9291427030461088e+28,3.858285406092215e+26,0.736,0.08270922757788648,0.6,0.9,0.011696851137404986,,,,,
AdultCensusGlobalXAI,1,KernelSHAPIQ,,50,0.004238052222632173,0.002882618566634349,0.0010436065037067745,0.015166269683641166,0.00040766382720827866,0.748,0.08141603913585722,0.6,0.9,0.011513966674062796,,,,,
AdultCensusGlobalXAI,1,KernelSHAPIQ,,100,0.0011514464907713402,0.0006035106035306223,0.00031233286864351846,0.003053534106957892,8.534928805489778e-05,0.778,0.0678834535458099,0.7,0.9,0.009600170066520827,,,,,
AdultCensusGlobalXAI,1,KernelSHAPIQ,,250,0.00043054035251492955,0.00018332746768706386,0.00017368138939829922,0.0009100711137501377,2.5926419115856104e-05,0.792,0.08290638930598236,0.6,1.0,0.011724734016390397,,,,,
AdultCensusGlobalXAI,1,KernelSHAPIQ,,500,0.00023349314139565068,7.891877412608744e-05,0.00011061145329127556,0.0004072359827306508,1.1160800069497178e-05,0.8360000000000001,0.08514093957572197,0.7,1.0,0.012040747146117418,,,,,
AdultCensusGlobalXAI,1,KernelSHAPIQ,,750,0.00021234549692292155,6.15270749716205e-05,6.058466688016673e-05,0.0003816474514993009,8.701242387801193e-06,0.852,0.07068181072487419,0.7,1.0,0.009995917534020515,,,,,
AdultCensusGlobalXAI,1,KernelSHAPIQ,,1000,0.0004211059298312635,0.00030214007825209356,8.747827546686796e-05,0.001766112680534244,4.2729059640057884e-05,0.7859999999999999,0.08573809193213522,0.6,0.9,0.012125197242241686,,,,,
AdultCensusGlobalXAI,1,KernelSHAPIQ,,2000,2.1869145719012506e-05,1.2175830509649323e-05,8.52004880518836e-06,6.693363020461003e-05,1.7219224639902188e-06,0.9179999999999999,0.06605501726683938,0.8,1.0,0.00934159012815532,,,,,
AdultCensusGlobalXAI,1,KernelSHAPIQ,,3500,8.77596446524012e-06,4.129334027186618e-06,2.3287380668883e-06,1.8221339911372744e-05,5.839760184816026e-07,0.9420000000000001,0.057463386746053606,0.8,1.0,0.008126550087615937,,,,,
AdultCensusGlobalXAI,1,KernelSHAPIQ,,5000,5.133392852433775e-06,2.6973005750107388e-06,1.3297627755733586e-06,1.1952263101781496e-05,3.814559054976934e-07,0.9440000000000001,0.05771145679064043,0.8,1.0,0.008161632489763255,,,,,
AdultCensusGlobalXAI,1,PermutationIQ,inverse_variance_weighting,16,,,,,,0.67,0.06144518047887591,0.6,0.8,0.008689660757568886,,,,,
AdultCensusGlobalXAI,1,PermutationIQ,inverse_variance_weighting,50,0.008102141964620158,0.003959068534334884,0.003014451480372165,0.027094843681890857,0.0005598968415620964,0.7440000000000001,0.0836903915192961,0.6,0.9,0.011835608672690278,,,,,
AdultCensusGlobalXAI,1,PermutationIQ,inverse_variance_weighting,100,0.003609536788239469,0.001775689149293815,0.0011694653071459276,0.007651687402948947,0.00025112036774900564,0.72,0.07559289460184548,0.6,0.9,0.010690449676496981,,,,,
AdultCensusGlobalXAI,1,PermutationIQ,inverse_variance_weighting,250,0.0015190928524222932,0.0007104007999571261,0.0005294110236291734,0.0033810697681786717,0.00010046584460200637,0.7340000000000001,0.08233827686279753,0.6,0.9,0.011644390784179908,,,,,
AdultCensusGlobalXAI,1,PermutationIQ,inverse_variance_weighting,500,0.0008089702059807078,0.00027455848169371887,0.0002767470856732852,0.001867271525171964,3.882843284758224e-05,0.7340000000000001,0.07722218143851191,0.6,0.9,0.010920865630637941,,,,,
AdultCensusGlobalXAI,1,PermutationIQ,inverse_variance_weighting,750,0.0005264817486264545,0.00026888183593322146,0.00013613176937275697,0.002040751375993394,3.802563390525392e-05,0.78,0.0782460796435952,0.6,1.0,0.011065666703449764,,,,,
AdultCensusGlobalXAI,1,PermutationIQ,inverse_variance_weighting,1000,0.00043583319745594325,0.00021463425025216806,0.00013537212771403269,0.0010062021360199359,3.0353866765639692e-05,0.786,0.07287114711346772,0.6,0.9,0.010305536455355108,,,,,
AdultCensusGlobalXAI,1,PermutationIQ,inverse_variance_weighting,2000,0.00017014745431230378,6.701882355568044e-05,7.97822453762994e-05,0.0004452792526095641,9.477892920673273e-06,0.8160000000000001,0.08656718518596067,0.7,1.0,0.012242448734644888,,,,,
AdultCensusGlobalXAI,1,PermutationIQ,inverse_variance_weighting,3500,0.00010119558831056636,3.5581683139485895e-05,4.3056004673169284e-05,0.00021966615742679123,5.032009886792304e-06,0.838,0.06966391622992349,0.7,1.0,0.009851965514038098,,,,,
AdultCensusGlobalXAI,1,PermutationIQ,inverse_variance_weighting,5000,6.509963697006454e-05,2.709360178678974e-05,2.0384741052639015e-05,0.00013186430013641088,3.831613910041395e-06,0.88,0.06060915267313266,0.8,1.0,0.00857142857142857,,,,,
AdultCensusGlobalXAI,1,PermutationIQ,inverse_variance_weighting_optimal,16,,,,,,0.6639999999999999,0.059795570104161005,0.6,0.8,0.008456370621113568,,,,,
AdultCensusGlobalXAI,1,PermutationIQ,inverse_variance_weighting_optimal,50,,,,,,0.6639999999999999,0.059795570104161005,0.6,0.8,0.008456370621113568,,,,,
AdultCensusGlobalXAI,1,PermutationIQ,inverse_variance_weighting_optimal,100,,,,,,0.6639999999999999,0.059795570104161005,0.6,0.8,0.008456370621113568,,,,,
AdultCensusGlobalXAI,1,PermutationIQ,inverse_variance_weighting_optimal,250,,,,,,0.6639999999999999,0.059795570104161005,0.6,0.8,0.008456370621113568,,,,,
AdultCensusGlobalXAI,1,PermutationIQ,inverse_variance_weighting_optimal,500,,,,,,0.6639999999999999,0.059795570104161005,0.6,0.8,0.008456370621113568,,,,,
AdultCensusGlobalXAI,1,PermutationIQ,inverse_variance_weighting_optimal,750,,,,,,0.6639999999999999,0.059795570104161005,0.6,0.8,0.008456370621113568,,,,,
AdultCensusGlobalXAI,1,PermutationIQ,inverse_variance_weighting_optimal,1000,,,,,,0.6639999999999999,0.059795570104161005,0.6,0.8,0.008456370621113568,,,,,
AdultCensusGlobalXAI,1,PermutationIQ,inverse_variance_weighting_optimal,2000,,,,,,0.6639999999999999,0.059795570104161005,0.6,0.8,0.008456370621113568,,,,,
AdultCensusGlobalXAI,1,PermutationIQ,inverse_variance_weighting_optimal,3500,,,,,,0.6639999999999999,0.059795570104161005,0.6,0.8,0.008456370621113568,,,,,
AdultCensusGlobalXAI,1,PermutationIQ,inverse_variance_weighting_optimal,5000,,,,,,0.6639999999999999,0.059795570104161005,0.6,0.8,0.008456370621113568,,,,,
AdultCensusGlobalXAI,1,PermutationIQ,mean,16,0.026711352588652208,0.01539391656230531,0.004099505435599978,0.07730089782729019,0.002177028558045198,0.73,0.07626484465736652,0.6,0.9,0.010785477764672502,,,,,
AdultCensusGlobalXAI,1,PermutationIQ,mean,50,0.008102141964620158,0.003959068534334884,0.003014451480372165,0.027094843681890857,0.0005598968415620964,0.74,0.07824607964359519,0.6,0.9,0.011065666703449767,,,,,
AdultCensusGlobalXAI,1,PermutationIQ,mean,100,0.003609536788239469,0.001775689149293815,0.0011694653071459276,0.007651687402948945,0.00025112036774900564,0.72,0.07559289460184548,0.6,0.9,0.010690449676496981,,,,,
AdultCensusGlobalXAI,1,PermutationIQ,mean,250,0.0015190928524222932,0.0007104007999571261,0.0005294110236291734,0.0033810697681786726,0.00010046584460200637,0.736,0.08514093957572197,0.6,0.9,0.01204074714611742,,,,,
AdultCensusGlobalXAI,1,PermutationIQ,mean,500,0.0008089702059807078,0.00027455848169371887,0.00027674708567328524,0.001867271525171964,3.882843284758224e-05,0.736,0.07761758689832075,0.6,0.9,0.010976784407027743,,,,,
AdultCensusGlobalXAI,1,PermutationIQ,mean,750,0.0005264817486264545,0.00026888183593322146,0.00013613176937275697,0.002040751375993394,3.802563390525392e-05,0.778,0.07637180802642099,0.6,1.0,0.010800604669391888,,,,,
AdultCensusGlobalXAI,1,PermutationIQ,mean,1000,0.00043583319745594325,0.00021463425025216806,0.00013537212771403266,0.0010062021360199359,3.0353866765639692e-05,0.786,0.07287114711346772,0.6,0.9,0.010305536455355108,,,,,
AdultCensusGlobalXAI,1,PermutationIQ,mean,2000,0.00017014745431230378,6.701882355568045e-05,7.978224537629939e-05,0.0004452792526095641,9.477892920673273e-06,0.8160000000000001,0.08656718518596067,0.7,1.0,0.012242448734644888,,,,,
AdultCensusGlobalXAI,1,PermutationIQ,mean,3500,0.00010119558831056636,3.5581683139485895e-05,4.305600467316928e-05,0.00021966615742679123,5.0320098867923035e-06,0.838,0.06966391622992349,0.7,1.0,0.009851965514038098,,,,,
AdultCensusGlobalXAI,1,PermutationIQ,mean,5000,6.509963697006454e-05,2.7093601786789735e-05,2.038474105263902e-05,0.00013186430013641085,3.831613910041395e-06,0.88,0.06060915267313266,0.8,1.0,0.00857142857142857,,,,,
AdultCensusGlobalXAI,1,PermutationSamplingSII,,16,0.0009852687914969798,0.0004677550774567521,0.00031797005164887,0.0022812543720715757,6.615055744082163e-05,0.6639999999999999,0.059795570104161005,0.6,0.8,0.008456370621113568,,,,,
AdultCensusGlobalXAI,1,PermutationSamplingSII,,50,0.0009852687914969798,0.0004677550774567521,0.00031797005164887,0.0022812543720715757,6.615055744082163e-05,0.6639999999999999,0.059795570104161005,0.6,0.8,0.008456370621113568,,,,,
AdultCensusGlobalXAI,1,PermutationSamplingSII,,100,0.0009852687914969798,0.0004677550774567521,0.00031797005164887,0.0022812543720715757,6.615055744082163e-05,0.6639999999999999,0.059795570104161005,0.6,0.8,0.008456370621113568,,,,,
AdultCensusGlobalXAI,1,PermutationSamplingSII,,250,0.0009852687914969798,0.0004677550774567521,0.00031797005164887,0.0022812543720715757,6.615055744082163e-05,0.6639999999999999,0.059795570104161005,0.6,0.8,0.008456370621113568,,,,,
AdultCensusGlobalXAI,1,PermutationSamplingSII,,500,0.02680359395839358,0.015327782754800397,0.007094626254485108,0.08441596160738461,0.0021676758252947162,0.72,0.08806305718527112,0.6,1.0,0.012453996981544785,,,,,
AdultCensusGlobalXAI,1,PermutationSamplingSII,,750,0.012093136875793642,0.005398011793339646,0.0032000765138380616,0.029293500462749953,0.0007633941487990839,0.7120000000000001,0.07989789402348327,0.6,0.9,0.011299268533305824,,,,,
AdultCensusGlobalXAI,1,PermutationSamplingSII,,1000,0.013610961432189624,0.0062643731214773795,0.004001802203259972,0.03247917414966499,0.0008859161428158789,0.708,0.09222864223753702,0.6,0.9,0.013043099669158092,,,,,
AdultCensusGlobalXAI,1,PermutationSamplingSII,,2000,0.005739909246280296,0.0020964136087540048,0.0017059210842406754,0.010422164877368306,0.00029647765578434367,0.71,0.07889543583705191,0.6,0.9,0.011157499537009511,,,,,
AdultCensusGlobalXAI,1,PermutationSamplingSII,,3500,0.0029599286113948992,0.0011116223447649237,0.0006930835324551735,0.0055315867605997115,0.00015720713962035356,0.732,0.08437041748704802,0.6,0.9,0.011931778867326348,,,,,
AdultCensusGlobalXAI,1,PermutationSamplingSII,,5000,0.002108974971937855,0.0009486329782293365,0.0003645642589130631,0.004528088378564998,0.00013415696235263087,0.738,0.06667006794044597,0.6,0.9,0.009428571428571434,,,,,
AdultCensusGlobalXAI,1,SHAPIQ,,16,0.006997036795646664,0.006870628274226265,0.0007900588290219775,0.03618981590515548,0.0009716535687434836,0.728,0.08580947095817837,0.6,0.9,0.012135291760911604,,,,,
AdultCensusGlobalXAI,1,SHAPIQ,,50,0.0017457659224411626,0.0014742978360190514,0.00033786656497445744,0.006119346033886793,0.00020849719946754476,0.7340000000000001,0.08946553321057817,0.6,0.9,0.012652337043134019,,,,,
AdultCensusGlobalXAI,1,SHAPIQ,,100,0.0005413827595181047,0.00044017897693958684,0.00011871836527285862,0.0021902885600827006,6.225070790594775e-05,0.774,0.08762163557254662,0.6,0.9,0.012391570538400828,,,,,
AdultCensusGlobalXAI,1,SHAPIQ,,250,0.00022354596789083366,0.00012330008021525367,3.846437225401904e-05,0.000616760517010949,1.743726456821023e-05,0.8079999999999999,0.08998866141727785,0.6,1.0,0.01272631854361148,,,,,
AdultCensusGlobalXAI,1,SHAPIQ,,500,0.00011455947530958208,2.1878509709210463e-05,7.889952567971308e-05,0.00019159319273811352,3.0940885155276872e-06,0.8560000000000001,0.09293403409880342,0.7,1.0,0.013142857142857144,,,,,
AdultCensusGlobalXAI,1,SHAPIQ,,750,0.00010661506476157561,1.5730338724047522e-05,7.74226818286994e-05,0.00015123568938064705,2.224605836427069e-06,0.88,0.0880630571852711,0.6,1.0,0.012453996981544781,,,,,
AdultCensusGlobalXAI,1,SHAPIQ,,1000,0.0009405084372682162,0.0009248763849121895,4.8897185805829764e-05,0.0040697534947204145,0.00013079727270614173,0.7659999999999999,0.08715456595811227,0.6,0.9,0.012325516920070284,,,,,
AdultCensusGlobalXAI,1,SHAPIQ,,2000,5.053680809339121e-05,5.748632077925959e-05,7.077514810660064e-06,0.0003207928571558297,8.129793449695918e-06,0.8960000000000001,0.06375975315548969,0.8,1.0,0.009016990764605425,,,,,
AdultCensusGlobalXAI,1,SHAPIQ,,3500,2.0442331571774216e-05,2.094394761530779e-05,2.9362736038461933e-06,8.801702806624239e-05,2.961921476719991e-06,0.934,0.06580738746446296,0.8,1.0,0.009306569985658472,,,,,
AdultCensusGlobalXAI,1,SHAPIQ,,5000,1.0641986662258374e-05,1.0616436015019054e-05,1.6720379128604393e-06,5.05057456977122e-05,1.501390779650612e-06,0.9420000000000001,0.05379477252503639,0.8,1.0,0.0076077296889681964,,,,,
AdultCensusGlobalXAI,1,SVARMIQ,,16,0.001537406974978273,0.0007990375711813931,0.00030922042872503396,0.003415008538411756,0.00011300097700103835,0.74,0.08806305718527112,0.6,0.9,0.012453996981544785,,,,,
AdultCensusGlobalXAI,1,SVARMIQ,,50,0.0008162948244066251,0.0003564241998722446,0.00031316549541628803,0.001961124512880437,5.04059937417307e-05,0.762,0.07253429871306347,0.6,0.9,0.01025789889772357,,,,,
AdultCensusGlobalXAI,1,SVARMIQ,,100,0.0002678127763574117,9.011571318408678e-05,0.00014055530341976053,0.0005150527120409267,1.2744286376785945e-05,0.7859999999999999,0.08083745343311495,0.6,0.9,0.011432142299281465,,,,,
AdultCensusGlobalXAI,1,SVARMIQ,,250,0.00013814076476603842,3.64674306054991e-05,6.000617204959221e-05,0.00021651652341316251,5.157273494719652e-06,0.8340000000000001,0.093917028079392,0.6,1.0,0.013281873484765096,,,,,
AdultCensusGlobalXAI,1,SVARMIQ,,500,0.00010482720021672896,1.2976046918277673e-05,7.530389788508645e-05,0.0001377122222984213,1.835090153781789e-06,0.8760000000000001,0.09806287029560296,0.7,1.0,0.01386818411372754,,,,,
AdultCensusGlobalXAI,1,SVARMIQ,,750,0.00010173798589001175,8.994645262055246e-06,8.354590715016327e-05,0.00012277854345516884,1.272034931833343e-06,0.8860000000000001,0.0903733751653412,0.6,1.0,0.012780725283625735,,,,,
AdultCensusGlobalXAI,1,SVARMIQ,,1000,0.00041134807889309943,0.00020381692103358005,9.770331161357198e-05,0.0008938127694762647,2.8824065396681496e-05,0.78,0.09476070829586858,0.6,0.9,0.013401187885209801,,,,,
AdultCensusGlobalXAI,1,SVARMIQ,,2000,1.6205548153673712e-05,5.8652733374573204e-06,6.158410356988235e-06,3.0457830057324822e-05,8.294749100857449e-07,0.93,0.061445180478875885,0.8,1.0,0.008689660757568883,,,,,
AdultCensusGlobalXAI,1,SVARMIQ,,3500,5.930309013149339e-06,2.1030120267821445e-06,2.3376516369432563e-06,1.0173883129507114e-05,2.9741081301090385e-07,0.9420000000000001,0.060911444586650994,0.8,1.0,0.008614179103817905,,,,,
AdultCensusGlobalXAI,1,SVARMIQ,,5000,3.3268167932358397e-06,1.3324060095600106e-06,1.2085802808355518e-06,6.705179031890905e-06,1.884306649307183e-07,0.9520000000000001,0.05046720495044483,0.9,1.0,0.007137140569598167,,,,,
AdultCensusGlobalXAI,2,KernelSHAPIQ,,16,1602418681959825.5,1.1320034142564362e+16,0.0003516667224776939,8.004623506349176e+16,1600894581094101.2,0.096,0.09680613912055668,0.0,0.4,0.013690455486526788,,,,,
AdultCensusGlobalXAI,2,KernelSHAPIQ,,50,28875511648805.953,204180700961773.72,0.05221133618319729,1443775582376235.2,28875511647498.555,0.132,0.11328130058056576,0.0,0.4,0.016020395164429928,,,,,
AdultCensusGlobalXAI,2,KernelSHAPIQ,,100,22.377184637793576,155.6663660531365,0.011108831285680165,1101.0737535943376,22.014548607768038,0.132,0.11682884743006215,0.0,0.4,0.016522094051201097,,,,,
AdultCensusGlobalXAI,2,KernelSHAPIQ,,250,0.01315349870210889,0.00996347939551969,0.004618316290098226,0.04331012571531807,0.0014090487689568834,0.254,0.13433129925368725,0.0,0.5,0.018997314525576334,,,,,
AdultCensusGlobalXAI,2,KernelSHAPIQ,,500,0.0015098108479504907,0.000502328559071022,0.0008175117307514265,0.002929039933352228,7.103998610055738e-05,0.46399999999999997,0.09424241429983221,0.3,0.7,0.013327890045360686,,,,,
AdultCensusGlobalXAI,2,KernelSHAPIQ,,750,0.0009782723898696425,0.0002500267418597799,0.0005840196774792685,0.001697204770598379,3.5359120929405756e-05,0.5539999999999999,0.10143863129186705,0.3,0.8,0.014345588812152218,,,,,
AdultCensusGlobalXAI,2,KernelSHAPIQ,,1000,0.0037984536138794462,0.0031998519422547027,0.0007596122841019729,0.011545332439704712,0.0004525274014322491,0.25,0.12975644374703535,0.0,0.5,0.018350332255235895,,,,,
AdultCensusGlobalXAI,2,KernelSHAPIQ,,2000,0.00029656688638215046,0.0002531933211715451,6.94427870783188e-05,0.0010709961351145715,3.580694287030859e-05,0.56,0.15649215928719032,0.2,0.8,0.022131333406899524,,,,,
AdultCensusGlobalXAI,2,KernelSHAPIQ,,3500,0.00011991458278845991,0.00010474081169118702,3.304837678593252e-05,0.0004401980001123601,1.4812587642764312e-05,0.6920000000000001,0.13528503544859102,0.4,1.0,0.019132193191752234,,,,,
AdultCensusGlobalXAI,2,KernelSHAPIQ,,5000,6.975284304191832e-05,6.251878186723896e-05,1.6420307093752177e-05,0.0002492097690681941,8.841490921969448e-06,0.762,0.1275995009906435,0.5,1.0,0.01804529448530072,,,,,
AdultCensusGlobalXAI,2,PermutationIQ,inverse_variance_weighting,16,,,,,,0.084,0.08656718518596068,0.0,0.3,0.012242448734644886,,,,,
AdultCensusGlobalXAI,2,PermutationIQ,inverse_variance_weighting,50,0.016741402822266823,0.00635909692440355,0.005595156670289302,0.0332957020115164,0.0008993121114936537,0.11800000000000001,0.10038700623291924,0.0,0.4,0.014196866570062678,,,,,
AdultCensusGlobalXAI,2,PermutationIQ,inverse_variance_weighting,100,0.008866618447054499,0.0024276624226340113,0.0035074782458499707,0.01631116939476707,0.0003433233122952543,0.136,0.1138563362581216,0.0,0.4,0.01610171748983471,,,,,
AdultCensusGlobalXAI,2,PermutationIQ,inverse_variance_weighting,250,0.004449759116155015,0.0009105677470081074,0.0029018899392199843,0.007599440149133262,0.00012877372572783785,0.16400000000000003,0.10644534862969805,0.0,0.4,0.015053645568365134,,,,,
AdultCensusGlobalXAI,2,PermutationIQ,inverse_variance_weighting,500,0.0024302434275158286,0.00039186305626284546,0.001599157135534231,0.003304038439388001,5.541780487598872e-05,0.18,0.12777531299998798,0.0,0.5,0.018070158058105024,,,,,
AdultCensusGlobalXAI,2,PermutationIQ,inverse_variance_weighting,750,0.0016718107506892993,0.00028734004951595045,0.0010590970887291201,0.002656404993990951,4.0636019503841374e-05,0.226,0.1242282297274838,0.0,0.4,0.01756852473102081,,,,,
AdultCensusGlobalXAI,2,PermutationIQ,inverse_variance_weighting,1000,0.0012969046200422758,0.0002448666141874363,0.0008645260822728638,0.0019282164503503364,3.4629368675625256e-05,0.242,0.12468736413731027,0.0,0.6,0.017633456141953684,,,,,
AdultCensusGlobalXAI,2,PermutationIQ,inverse_variance_weighting,2000,0.0007096645458413074,0.00012182617304293245,0.0004990355295748009,0.0009503207173945676,1.7228822616932666e-05,0.36,0.14568627181693672,0.1,0.7,0.020603150145508512,,,,,
AdultCensusGlobalXAI,2,PermutationIQ,inverse_variance_weighting,3500,0.00039903587098153256,7.153213431572657e-05,0.0002309515735578157,0.0005318023758907623,1.0116171449479437e-05,0.442,0.13261883388885917,0.2,0.8,0.018755135351172927,,,,,
AdultCensusGlobalXAI,2,PermutationIQ,inverse_variance_weighting,5000,0.00026822533410667595,4.4762471102104595e-05,0.0002055702527107667,0.0004222573251036289,6.330369371793008e-06,0.508,0.12910998317365716,0.2,0.8,0.018258908924194805,,,,,
AdultCensusGlobalXAI,2,PermutationIQ,inverse_variance_weighting_optimal,16,,,,,,0.07,0.08390957231764809,0.0,0.3,0.011866605518454393,,,,,
AdultCensusGlobalXAI,2,PermutationIQ,inverse_variance_weighting_optimal,50,,,,,,0.07,0.08390957231764809,0.0,0.3,0.011866605518454393,,,,,
AdultCensusGlobalXAI,2,PermutationIQ,inverse_variance_weighting_optimal,100,,,,,,0.07,0.08390957231764809,0.0,0.3,0.011866605518454393,,,,,
AdultCensusGlobalXAI,2,PermutationIQ,inverse_variance_weighting_optimal,250,,,,,,0.07,0.08390957231764809,0.0,0.3,0.011866605518454393,,,,,
AdultCensusGlobalXAI,2,PermutationIQ,inverse_variance_weighting_optimal,500,,,,,,0.07,0.08390957231764809,0.0,0.3,0.011866605518454393,,,,,
AdultCensusGlobalXAI,2,PermutationIQ,inverse_variance_weighting_optimal,750,,,,,,0.07,0.08390957231764809,0.0,0.3,0.011866605518454393,,,,,
AdultCensusGlobalXAI,2,PermutationIQ,inverse_variance_weighting_optimal,1000,,,,,,0.07,0.08390957231764809,0.0,0.3,0.011866605518454393,,,,,
AdultCensusGlobalXAI,2,PermutationIQ,inverse_variance_weighting_optimal,2000,,,,,,0.07,0.08390957231764809,0.0,0.3,0.011866605518454393,,,,,
AdultCensusGlobalXAI,2,PermutationIQ,inverse_variance_weighting_optimal,3500,,,,,,0.07,0.08390957231764809,0.0,0.3,0.011866605518454393,,,,,
AdultCensusGlobalXAI,2,PermutationIQ,inverse_variance_weighting_optimal,5000,,,,,,0.07,0.08390957231764809,0.0,0.3,0.011866605518454393,,,,,
AdultCensusGlobalXAI,2,PermutationIQ,mean,16,0.09690282354177912,0.07384116046229855,0.009456752377767639,0.40040566275980083,0.010442717058715056,0.124,0.09806287029560291,0.0,0.4,0.01386818411372754,,,,,
AdultCensusGlobalXAI,2,PermutationIQ,mean,50,0.030078558855500974,0.010988766064040555,0.011917988355974778,0.05896546309634297,0.0015540462001511369,0.136,0.1102131515542052,0.0,0.4,0.015586493367983834,,,,,
AdultCensusGlobalXAI,2,PermutationIQ,mean,100,0.013735862500280806,0.003935501102059042,0.007309263823528267,0.02502352895579872,0.0005565639033266159,0.15200000000000002,0.10149896953332349,0.0,0.4,0.014354121928091965,,,,,
AdultCensusGlobalXAI,2,PermutationIQ,mean,250,0.0057395829628109915,0.0011985472723166394,0.0037787230326896426,0.009912664466255583,0.00016950018076554695,0.19,0.09529760045804525,0.0,0.4,0.013477115902938005,,,,,
AdultCensusGlobalXAI,2,PermutationIQ,mean,500,0.002828738950779418,0.0005014203382634944,0.0017129321563855266,0.003956534528487185,7.091154428219387e-05,0.23600000000000002,0.14674704043881437,0.0,0.6,0.02075316548266843,,,,,
AdultCensusGlobalXAI,2,PermutationIQ,mean,750,0.0018930984222577769,0.000327635651746395,0.0012280847504837955,0.002748481056995772,4.6334678221669995e-05,0.258,0.12303973142933985,0.0,0.5,0.01740044568981156,,,,,
AdultCensusGlobalXAI,2,PermutationIQ,mean,1000,0.0013944013600069955,0.00028589897942321536,0.0008893020424998651,0.00216617567262739,4.043222141689375e-05,0.282,0.13804761083460607,0.0,0.7,0.019522880349550294,,,,,
AdultCensusGlobalXAI,2,PermutationIQ,mean,2000,0.0007439727871365751,0.00013432359831265747,0.0005109544929544353,0.0010428812973062983,1.8996225448051594e-05,0.374,0.14258545593747618,0.0,0.6,0.020164628558393016,,,,,
AdultCensusGlobalXAI,2,PermutationIQ,mean,3500,0.0004086941442829346,7.680519709697806e-05,0.0002387275145254135,0.0005717113117161498,1.0861895139528505e-05,0.462,0.13536044096999622,0.3,0.8,0.019142857142857142,,,,,
AdultCensusGlobalXAI,2,PermutationIQ,mean,5000,0.0002747458860473306,4.348071765855966e-05,0.0002020297097423785,0.0004006825291907788,6.1491020614450395e-06,0.516,0.1419399125528482,0.2,0.8,0.020073334937428907,,,,,
AdultCensusGlobalXAI,2,PermutationSamplingSII,,16,0.0006533921531155491,0.00026699992915172244,0.0003486487635903699,0.001251748458367426,3.7759492095902136e-05,0.128,0.13558640591662482,0.0,0.5,0.01917481341207145,,,,,
AdultCensusGlobalXAI,2,PermutationSamplingSII,,50,0.0006533921531155491,0.00026699992915172244,0.0003486487635903699,0.001251748458367426,3.7759492095902136e-05,0.128,0.13558640591662482,0.0,0.5,0.01917481341207145,,,,,
AdultCensusGlobalXAI,2,PermutationSamplingSII,,100,0.0006533921531155491,0.00026699992915172244,0.0003486487635903699,0.001251748458367426,3.7759492095902136e-05,0.128,0.13558640591662482,0.0,0.5,0.01917481341207145,,,,,
AdultCensusGlobalXAI,2,PermutationSamplingSII,,250,0.0006533921531155491,0.00026699992915172244,0.0003486487635903699,0.001251748458367426,3.7759492095902136e-05,0.128,0.13558640591662482,0.0,0.5,0.01917481341207145,,,,,
AdultCensusGlobalXAI,2,PermutationSamplingSII,,500,0.007894223922079186,0.003941196132371161,0.002150732584583259,0.017356168160531062,0.0005573693022371684,0.11599999999999999,0.09337219793353253,0.0,0.3,0.013204822866618676,,,,,
AdultCensusGlobalXAI,2,PermutationSamplingSII,,750,0.013382251590381582,0.00631389747157194,0.0058450439287828105,0.03548172469996003,0.000892919943573023,0.106,0.08184106049944288,0.0,0.3,0.011574073771730909,,,,,
AdultCensusGlobalXAI,2,PermutationSamplingSII,,1000,0.01427636609614444,0.005423851250908925,0.004255470076312929,0.035668799646237696,0.0007670483999329677,0.10400000000000001,0.08797031039051802,0.0,0.3,0.012440880604044137,,,,,
AdultCensusGlobalXAI,2,PermutationSamplingSII,,2000,0.025531822078908112,0.007221861404301393,0.01356028818798311,0.047184442792604274,0.0010213254343541835,0.10800000000000001,0.08533248298896043,0.0,0.3,0.01206783547539593,,,,,
AdultCensusGlobalXAI,2,PermutationSamplingSII,,3500,0.02899620094180346,0.007901622447062235,0.016125960381099296,0.051205661421011565,0.0011174581629387094,0.132,0.11682884743006211,0.0,0.6,0.016522094051201097,,,,,
AdultCensusGlobalXAI,2,PermutationSamplingSII,,5000,0.02788217023392189,0.007157923423412858,0.015416363780392016,0.0552786157056476,0.001012283238381852,0.136,0.10644534862969805,0.0,0.4,0.015053645568365134,,,,,
AdultCensusGlobalXAI,2,SHAPIQ,,16,0.05021201974343129,0.047161495792668526,0.005059308382271536,0.21940211061636308,0.006669642697179349,0.10200000000000001,0.09581018649775554,0.0,0.3,0.013549606515862147,,,,,
AdultCensusGlobalXAI,2,SHAPIQ,,50,0.012407134330027133,0.010082340572838584,0.003165083336162127,0.05167925375996678,0.0014258582778572846,0.13,0.08630747123996124,0.0,0.3,0.012205719636167902,,,,,
AdultCensusGlobalXAI,2,SHAPIQ,,100,0.005542933612789339,0.004614732376409226,0.00142700997625792,0.021275621916672496,0.000652621711344015,0.168,0.11146519544646379,0.0,0.4,0.015763559113295682,,,,,
AdultCensusGlobalXAI,2,SHAPIQ,,250,0.0014772488590243966,0.0013186877110661678,0.0003926821168763636,0.007504808345183698,0.0001864906045524508,0.308,0.14685825458167312,0.0,0.7,0.02076889353758428,,,,,
AdultCensusGlobalXAI,2,SHAPIQ,,500,0.000157624918397976,0.00013685396690636117,3.8310555174459137e-05,0.0007468569701048661,1.9354073606353463e-05,0.626,0.14681655915058195,0.3,0.9,0.020762996913170472,,,,,
AdultCensusGlobalXAI,2,SHAPIQ,,750,6.19540154226352e-05,4.363970803761804e-05,2.4944492437304242e-05,0.0002617580548748851,6.171586696480159e-06,0.748,0.1182180620890126,0.4,1.0,0.016718558672374623,,,,,
AdultCensusGlobalXAI,2,SHAPIQ,,1000,0.004826233401983004,0.004355657002102319,0.001350476090933211,0.022085624107236357,0.0006159829205418434,0.22400000000000003,0.1134972803773783,0.0,0.4,0.016050939320215014,,,,,
AdultCensusGlobalXAI,2,SHAPIQ,,2000,0.0002597273266040129,0.00024304373592355747,7.677517003718428e-05,0.0012082315618977004,3.4371574759292e-05,0.58,0.1979486637221574,0.1,0.9,0.027994168488950606,,,,,
AdultCensusGlobalXAI,2,SHAPIQ,,3500,9.800278289474141e-05,8.85840993029169e-05,2.4944575165597486e-05,0.0004485054760204531,1.2527683464479011e-05,0.696,0.1524761607328724,0.4,1.0,0.021563385444700812,,,,,
AdultCensusGlobalXAI,2,SHAPIQ,,5000,5.696229866405383e-05,5.265189324140418e-05,1.582813975409782e-05,0.00024974036511379833,7.4461021506614075e-06,0.772,0.11959114020832202,0.3,1.0,0.016912741242227136,,,,,
AdultCensusGlobalXAI,2,SVARMIQ,,16,0.005411442495184489,0.005756739407012067,0.0005105452368304445,0.028754396841917308,0.0008141258944444112,0.12,0.08806305718527109,0.0,0.3,0.012453996981544781,,,,,
AdultCensusGlobalXAI,2,SVARMIQ,,50,0.0017109782501438734,0.0011833283371565629,0.0006466324949963564,0.006143065943652714,0.00016734789831472134,0.15600000000000003,0.1296148139681572,0.0,0.5,0.018330302779823362,,,,,
AdultCensusGlobalXAI,2,SVARMIQ,,100,0.0019362064429393647,0.0018661175360910195,0.00044523251707269596,0.00850570338874142,0.00026390887285221833,0.276,0.1546028486682135,0.0,0.7,0.021864144536810272,,,,,
AdultCensusGlobalXAI,2,SVARMIQ,,250,0.000699136304386897,0.0005996012580247131,0.000195267078135316,0.0029071168219517106,8.479642311145187e-05,0.38799999999999996,0.1673807830385921,0.0,0.8,0.02367121734538054,,,,,
AdultCensusGlobalXAI,2,SVARMIQ,,500,5.381516857028573e-05,9.961199880741697e-06,3.511674798644363e-05,8.513308868594456e-05,1.4087263968854167e-06,0.736,0.1156348933991318,0.5,1.0,0.01635324345286193,,,,,
AdultCensusGlobalXAI,2,SVARMIQ,,750,2.508970381872666e-05,4.142910312528172e-06,1.5648963786880565e-05,3.480880279560837e-05,5.8589599516727e-07,0.806,0.09348141799418792,0.5,1.0,0.013220268915724885,,,,,
AdultCensusGlobalXAI,2,SVARMIQ,,1000,0.0021179538713719318,0.001286027910532533,0.0008522377892184369,0.0064479814748839405,0.00018187181126654413,0.3,0.12777531299998798,0.1,0.7,0.018070158058105024,,,,,
AdultCensusGlobalXAI,2,SVARMIQ,,2000,8.256827806713265e-05,1.2881946699841818e-05,5.547251399772815e-05,0.00011063624214886376,1.8217823732683627e-06,0.7040000000000001,0.12929952570268302,0.4,1.0,0.018285714285714287,,,,,
AdultCensusGlobalXAI,2,SVARMIQ,,3500,3.159376487101322e-05,4.699351007921815e-06,2.2891502730091102e-05,4.3739383515085475e-05,6.645885929754705e-07,0.784,0.12674898864467907,0.4,1.0,0.017925013875837854,,,,,
AdultCensusGlobalXAI,2,SVARMIQ,,5000,1.869685688853676e-05,2.9213991178546543e-06,1.2729332111707054e-05,2.5334993330154413e-05,4.131482253574847e-07,0.848,0.0931095470674304,0.6,1.0,0.013167678424917614,,,,,
AdultCensusGlobalXAI,3,KernelSHAPIQ,,16,6.627161147476733e+18,3.4130625882302456e+19,0.0010048760642273069,2.1246030880872196e+20,4.826799401503431e+18,0.018000000000000002,0.043752550946038735,0.0,0.2,0.006187545093630776,,,,,
AdultCensusGlobalXAI,3,KernelSHAPIQ,,50,0.02253631893175347,0.0942072171707158,0.0009905318302569548,0.6190326585546772,0.013322912419625379,0.028000000000000004,0.0536047515408392,0.0,0.2,0.007580856663669486,,,,,
AdultCensusGlobalXAI,3,KernelSHAPIQ,,100,10.883081629643703,67.8384927192855,0.00091660722816298,479.19243109639007,9.5938116454562,0.044000000000000004,0.06439672954048369,0.0,0.3,0.009107072828862415,,,,,
AdultCensusGlobalXAI,3,KernelSHAPIQ,,250,54.5705144813509,285.87892819526655,0.03394514972423563,2019.7552276589079,40.42938574504301,0.034,0.055732597723231886,0.0,0.2,0.007881779556647841,,,,,
AdultCensusGlobalXAI,3,KernelSHAPIQ,,500,0.46957352031209154,1.7827327921167102,0.029771274268035563,12.255519886833893,0.2521164892698707,0.028000000000000004,0.045355736761107275,0.0,0.1,0.006414269805898185,,,,,
AdultCensusGlobalXAI,3,KernelSHAPIQ,,750,0.024270970163219587,0.012096294984297668,0.010836569190362506,0.06490833960339362,0.0017106744421259406,0.05600000000000001,0.06439672954048369,0.0,0.2,0.009107072828862415,,,,,
AdultCensusGlobalXAI,3,KernelSHAPIQ,,1000,0.003189851817256367,0.0006299497305320983,0.0023800315192838623,0.005100991094945103,8.908834525317698e-05,0.332,0.11682884743006214,0.1,0.6,0.016522094051201097,,,,,
AdultCensusGlobalXAI,3,KernelSHAPIQ,,2000,0.001871255916576415,0.001506357780283992,0.0005956551317582867,0.005602433780340126,0.00021303116026638523,0.324,0.1450685974261269,0.0,0.7,0.020515797795447134,,,,,
AdultCensusGlobalXAI,3,KernelSHAPIQ,,3500,0.0006965402437568123,0.0005599331333661845,0.0002122200459560561,0.002198701600363608,7.918650312285212e-05,0.48,0.17261494247992246,0.1,0.9,0.024411439272335803,,,,,
AdultCensusGlobalXAI,3,KernelSHAPIQ,,5000,0.0004201060709758699,0.000342981439704886,0.00012028730619229944,0.0013201218051831923,4.850490036728997e-05,0.562,0.13685982699425697,0.2,0.8,0.019354902347931364,,,,,
AdultCensusGlobalXAI,3,PermutationIQ,inverse_variance_weighting,16,,,,,,0.024000000000000004,0.0591090310445063,0.0,0.3,0.00835927933618731,,,,,
AdultCensusGlobalXAI,3,PermutationIQ,inverse_variance_weighting,50,0.03734602199100876,0.013981920869551417,0.013396130311028912,0.07137318159131376,0.0019773422121747036,0.024000000000000004,0.05174505793221381,0.0,0.2,0.0073178562713518275,,,,,
AdultCensusGlobalXAI,3,PermutationIQ,inverse_variance_weighting,100,0.022632286494667957,0.005719325883475615,0.01394866215616779,0.04010522253495176,0.0008088348232042698,0.042,0.07024737630368141,0.0,0.3,0.009934479228979262,,,,,
AdultCensusGlobalXAI,3,PermutationIQ,inverse_variance_weighting,250,0.01341054456138284,0.002322691497044947,0.009759935528635893,0.020829966312217785,0.0003284781816329631,0.044000000000000004,0.06749149606295839,0.0,0.3,0.00954473890770861,,,,,
AdultCensusGlobalXAI,3,PermutationIQ,inverse_variance_weighting,500,0.007279725368007412,0.0008421322275680729,0.00554979217587519,0.009616586582054786,0.00011909548175382342,0.08200000000000002,0.08253632471802452,0.0,0.4,0.011672398980465997,,,,,
AdultCensusGlobalXAI,3,PermutationIQ,inverse_variance_weighting,750,0.005510386693198623,0.0006281202807337441,0.004247367429002357,0.007437764447485129,8.882962198152565e-05,0.07,0.08144110179279557,0.0,0.3,0.011517511068997927,,,,,
AdultCensusGlobalXAI,3,PermutationIQ,inverse_variance_weighting,1000,0.004230852155608032,0.0005196069380648113,0.003315044615205033,0.0058781564689165105,7.348351789144131e-05,0.094,0.10184021097498067,0.0,0.4,0.014402380755575497,,,,,
AdultCensusGlobalXAI,3,PermutationIQ,inverse_variance_weighting,2000,0.0024032891978025077,0.00021539994527911777,0.0019497979706742908,0.002958537011234927,3.0462152394815087e-05,0.16,0.12453996981544783,0.0,0.4,0.01761261143705422,,,,,
AdultCensusGlobalXAI,3,PermutationIQ,inverse_variance_weighting,3500,0.0015123829918679288,0.00014229079739859596,0.0011959391269067182,0.001832154948147573,2.0122957548197666e-05,0.23800000000000002,0.12435958395897352,0.0,0.5,0.01758710102458559,,,,,
AdultCensusGlobalXAI,3,PermutationIQ,inverse_variance_weighting,5000,0.0011143278152429242,9.088228553012549e-05,0.0009699978334439566,0.0013295477413422445,1.2852696077616757e-05,0.31,0.13887301496588272,0.0,0.7,0.019639610121239316,,,,,
AdultCensusGlobalXAI,3,PermutationIQ,inverse_variance_weighting_optimal,16,,,,,,0.04,0.0880630571852711,0.0,0.3,0.012453996981544781,,,,,
AdultCensusGlobalXAI,3,PermutationIQ,inverse_variance_weighting_optimal,50,,,,,,0.04,0.0880630571852711,0.0,0.3,0.012453996981544781,,,,,
AdultCensusGlobalXAI,3,PermutationIQ,inverse_variance_weighting_optimal,100,,,,,,0.04,0.0880630571852711,0.0,0.3,0.012453996981544781,,,,,
AdultCensusGlobalXAI,3,PermutationIQ,inverse_variance_weighting_optimal,250,,,,,,0.04,0.0880630571852711,0.0,0.3,0.012453996981544781,,,,,
AdultCensusGlobalXAI,3,PermutationIQ,inverse_variance_weighting_optimal,500,,,,,,0.04,0.0880630571852711,0.0,0.3,0.012453996981544781,,,,,
AdultCensusGlobalXAI,3,PermutationIQ,inverse_variance_weighting_optimal,750,,,,,,0.04,0.0880630571852711,0.0,0.3,0.012453996981544781,,,,,
AdultCensusGlobalXAI,3,PermutationIQ,inverse_variance_weighting_optimal,1000,,,,,,0.04,0.0880630571852711,0.0,0.3,0.012453996981544781,,,,,
AdultCensusGlobalXAI,3,PermutationIQ,inverse_variance_weighting_optimal,2000,,,,,,0.04,0.0880630571852711,0.0,0.3,0.012453996981544781,,,,,
AdultCensusGlobalXAI,3,PermutationIQ,inverse_variance_weighting_optimal,3500,,,,,,0.04,0.0880630571852711,0.0,0.3,0.012453996981544781,,,,,
AdultCensusGlobalXAI,3,PermutationIQ,inverse_variance_weighting_optimal,5000,,,,,,0.04,0.0880630571852711,0.0,0.3,0.012453996981544781,,,,,
AdultCensusGlobalXAI,3,PermutationIQ,mean,16,0.44971010767818115,0.33519382196433867,0.055779512436626974,1.5957756548943616,0.04740356490456405,0.038000000000000006,0.06353530273696309,0.0,0.2,0.008985248682009365,,,,,
AdultCensusGlobalXAI,3,PermutationIQ,mean,50,0.12553971688227755,0.04409353014937434,0.05189075414221753,0.29686402976992143,0.006235766835015215,0.052000000000000005,0.10544366906997678,0.0,0.6,0.014911986686514157,,,,,
AdultCensusGlobalXAI,3,PermutationIQ,mean,100,0.061819695206654084,0.016637833485992796,0.031065969055952825,0.10036013606309763,0.002352944976439624,0.03,0.054398379327599354,0.0,0.2,0.00769309258162072,,,,,
AdultCensusGlobalXAI,3,PermutationIQ,mean,250,0.025898459026544564,0.0049963642552581095,0.01664724646405403,0.04009069414458066,0.0007065926092342167,0.07,0.0735402152927643,0.0,0.3,0.010400156984686456,,,,,
AdultCensusGlobalXAI,3,PermutationIQ,mean,500,0.012422450947497755,0.0013643429884254664,0.00980590482113133,0.01486308123931842,0.00019294723579599328,0.07800000000000001,0.08640200300021396,0.0,0.3,0.012219088445910341,,,,,
AdultCensusGlobalXAI,3,PermutationIQ,mean,750,0.008713281108938346,0.0011211413892308086,0.0063280041851582975,0.011126716462116363,0.0001585533357988023,0.084,0.09764575708934323,0.0,0.4,0.013809195398393799,,,,,
AdultCensusGlobalXAI,3,PermutationIQ,mean,1000,0.00635134768286922,0.0008701585163070415,0.00441558864685616,0.008486621495878815,0.00012305899751758681,0.10200000000000001,0.0795138288575757,0.0,0.3,0.011244953516659672,,,,,
AdultCensusGlobalXAI,3,PermutationIQ,mean,2000,0.0031262786352684075,0.00031545510838479357,0.0025159505881165987,0.0039051994456871584,4.4612089259764984e-05,0.16399999999999998,0.11021315155420519,0.0,0.5,0.015586493367983834,,,,,
AdultCensusGlobalXAI,3,PermutationIQ,mean,3500,0.0018147441068037452,0.00018614431827931624,0.0013384978173947586,0.0022525653304245117,2.632478194693031e-05,0.25,0.11473127431577863,0.0,0.5,0.01622545241657221,,,,,
AdultCensusGlobalXAI,3,PermutationIQ,mean,5000,0.0012682747605232323,0.00011411161692446546,0.0010217438259159301,0.0014959282911580528,1.6137819627890228e-05,0.316,0.12182288917330196,0.1,0.6,0.01722835820763581,,,,,
AdultCensusGlobalXAI,3,PermutationSamplingSII,,16,0.0015362431327805488,0.00033278030276326473,0.0009993594738280129,0.0025714449233369303,4.706224174584338e-05,0.03,0.06776309271789384,0.0,0.3,0.009583148474999097,,,,,
AdultCensusGlobalXAI,3,PermutationSamplingSII,,50,0.0015362431327805488,0.00033278030276326473,0.0009993594738280129,0.0025714449233369303,4.706224174584338e-05,0.03,0.06776309271789384,0.0,0.3,0.009583148474999097,,,,,
AdultCensusGlobalXAI,3,PermutationSamplingSII,,100,0.0015362431327805488,0.00033278030276326473,0.0009993594738280129,0.0025714449233369303,4.706224174584338e-05,0.03,0.06776309271789384,0.0,0.3,0.009583148474999097,,,,,
AdultCensusGlobalXAI,3,PermutationSamplingSII,,250,0.0015362431327805488,0.00033278030276326473,0.0009993594738280129,0.0025714449233369303,4.706224174584338e-05,0.03,0.06776309271789384,0.0,0.3,0.009583148474999097,,,,,
AdultCensusGlobalXAI,3,PermutationSamplingSII,,500,0.004642595788061776,0.0018441718803647532,0.0023895134926172324,0.010018567887296638,0.00026080528845589266,0.014000000000000002,0.04045657788144657,0.0,0.2,0.0057214241127145115,,,,,
AdultCensusGlobalXAI,3,PermutationSamplingSII,,750,0.00786356206384948,0.003013287518070728,0.003360503811821839,0.020166575671273803,0.0004261432075385186,0.03,0.050507627227610534,0.0,0.2,0.007142857142857142,,,,,
AdultCensusGlobalXAI,3,PermutationSamplingSII,,1000,0.008342129072237919,0.002539952357599474,0.004893345747065987,0.01972311048660964,0.0003592035071898693,0.018000000000000002,0.043752550946038735,0.0,0.2,0.006187545093630777,,,,,
AdultCensusGlobalXAI,3,PermutationSamplingSII,,2000,0.018153553091340507,0.004578613221162297,0.01055033062726515,0.03276705103129424,0.0006475136914228484,0.024000000000000004,0.04763809143009448,0.0,0.2,0.006737043498600912,,,,,
AdultCensusGlobalXAI,3,PermutationSamplingSII,,3500,0.02737355102330273,0.005367875098598308,0.01743338622985732,0.03866652415517211,0.0007591321765562541,0.034,0.04785181206984065,0.0,0.1,0.00676726816132972,,,,,
AdultCensusGlobalXAI,3,PermutationSamplingSII,,5000,0.03810609152843252,0.006130017268233645,0.024301245340701126,0.05422721012374499,0.000866915355831729,0.05600000000000001,0.07045044574821688,0.0,0.2,0.009963197585235825,,,,,
AdultCensusGlobalXAI,3,SHAPIQ,,16,0.25318659282808736,0.23175187866409136,0.03516971171058271,1.215209821306297,0.03277466499122019,0.012000000000000002,0.032826072265931594,0.0,0.1,0.004642307659791977,,,,,
AdultCensusGlobalXAI,3,SHAPIQ,,50,0.0691422855873055,0.05870269462763278,0.01728554891503228,0.26688552492614925,0.00830181468902445,0.026000000000000002,0.05272183453498839,0.0,0.2,0.007455993343257079,,,,,
AdultCensusGlobalXAI,3,SHAPIQ,,100,0.031895615442596795,0.027159549636795836,0.0070143331318765255,0.12651798983656407,0.0038409403444301937,0.038000000000000006,0.0666700679404459,0.0,0.3,0.009428571428571429,,,,,
AdultCensusGlobalXAI,3,SHAPIQ,,250,0.008580967970209775,0.0070889989812755756,0.0027785436229908495,0.03289183399900067,0.0010025358502968973,0.07800000000000001,0.09100347604933136,0.0,0.4,0.012869835005205952,,,,,
AdultCensusGlobalXAI,3,SHAPIQ,,500,0.0020145330264401285,0.0016786678019701238,0.0006437115372541458,0.007671318546354826,0.00023739947722651819,0.22400000000000003,0.13932783245984695,0.0,0.6,0.019703931028076188,,,,,
AdultCensusGlobalXAI,3,SHAPIQ,,750,0.0007655179933914826,0.0006096370143840532,0.0002986473688985049,0.003041132662925001,8.621569338665696e-05,0.392,0.15231546211727817,0.0,0.7,0.021540659228538015,,,,,
AdultCensusGlobalXAI,3,SHAPIQ,,1000,0.028024320432932646,0.025508721681011304,0.006198335923270589,0.12639395636851922,0.00360747801600868,0.064,0.08020382198638973,0.0,0.3,0.011342533280730975,,,,,
AdultCensusGlobalXAI,3,SHAPIQ,,2000,0.0015364453937744458,0.0012988409247823253,0.00046095851750049333,0.005600838390647229,0.00018368384511923774,0.34600000000000003,0.15545850552084792,0.0,0.6,0.02198515268938358,,,,,
AdultCensusGlobalXAI,3,SHAPIQ,,3500,0.0005902628593306324,0.0005120421886600123,0.00019302517688305176,0.002375342936710305,7.241370077101924e-05,0.512,0.15602197647401195,0.2,0.8,0.022064839515780366,,,,,
AdultCensusGlobalXAI,3,SHAPIQ,,5000,0.00034651277397486206,0.0003136728609179018,0.00011745866245117666,0.001487544138933052,4.436004140584662e-05,0.586,0.162894732504004,0.2,0.9,0.023036793994629993,,,,,
AdultCensusGlobalXAI,3,SVARMIQ,,16,0.0043772584610231825,0.0021112530428412865,0.0014134669637964714,0.012098766448242945,0.00029857626867876115,0.026000000000000002,0.05272183453498839,0.0,0.2,0.007455993343257079,,,,,
AdultCensusGlobalXAI,3,SVARMIQ,,50,0.003500126537868352,0.002063132445410621,0.001672105891612045,0.01170443936982344,0.0002917709885271669,0.048,0.07886956423909863,0.0,0.3,0.011153840740538934,,,,,
AdultCensusGlobalXAI,3,SVARMIQ,,100,0.004153997535790171,0.0014862446173640573,0.0025214736923529785,0.010263693290887041,0.0002101867294880261,0.086,0.09899494936611666,0.0,0.4,0.013999999999999999,,,,,
AdultCensusGlobalXAI,3,SVARMIQ,,250,0.0018495408237372004,0.0007383549921885615,0.0010287939505472946,0.0042301758397212475,0.0001044191643798944,0.188,0.14376852143324714,0.0,0.6,0.02033193928532251,,,,,
AdultCensusGlobalXAI,3,SVARMIQ,,500,0.0005036332721813397,0.00017165800677973337,0.00032892051894607265,0.001109960722873393,2.427610812778316e-05,0.48200000000000004,0.13505856628341134,0.1,0.8,0.01910016561526659,,,,,
AdultCensusGlobalXAI,3,SVARMIQ,,750,0.00026285778492481657,0.00012310984162993763,0.00014699575769940056,0.0006835149541456839,1.7410360769466165e-05,0.608,0.12910998317365716,0.4,0.9,0.01825890892419481,,,,,
AdultCensusGlobalXAI,3,SVARMIQ,,1000,0.005127266152332072,0.0033784179582150024,0.0019617341405287823,0.01794158320583851,0.00047778044958724766,0.14800000000000002,0.10924602453888663,0.0,0.4,0.015449720953823742,,,,,
AdultCensusGlobalXAI,3,SVARMIQ,,2000,0.0005817321337828572,9.208368932467986e-05,0.0004160372539384366,0.0009429474563150597,1.3022600231631284e-05,0.48200000000000004,0.12237446712481173,0.2,0.7,0.01730636310960892,,,,,
AdultCensusGlobalXAI,3,SVARMIQ,,3500,0.000198345794299158,1.4385106443596154e-05,0.0001594999438292857,0.00023603784299036109,2.034361262871428e-06,0.6679999999999999,0.10583005244258362,0.4,0.8,0.014966629547095767,,,,,
AdultCensusGlobalXAI,3,SVARMIQ,,5000,0.00010989920863249508,8.949240349708327e-06,8.962670616822338e-05,0.00013057108318052901,1.2656137075494055e-06,0.736,0.09205144967764009,0.5,0.9,0.01301804085702231,,,,,
AdultCensusGlobalXAI,4,KernelSHAPIQ,,16,0.0039047728813191474,0.0007956096174926709,0.0029512563707529624,0.00668401065250343,0.00011251619114126055,0.01,0.03642156795423418,0.0,0.2,0.005150787536377128,0.20895032882690429,0.020917942590144425,0.19579172134399414,0.35137081146240234,0.0029582438107924043
AdultCensusGlobalXAI,4,KernelSHAPIQ,,50,0.003997806126171009,0.0007668962333741097,0.002981908214824923,0.005554032927205798,0.00010845550541705081,0.014000000000000002,0.04045657788144657,0.0,0.2,0.0057214241127145115,0.5127592134475708,0.009144847074607443,0.48531103134155273,0.5307595729827881,0.0012932766758737787
AdultCensusGlobalXAI,4,KernelSHAPIQ,,100,0.007534086080586474,0.004707993705081546,0.0028855255721441852,0.019523747875314645,0.0006658108549293479,0.012000000000000002,0.032826072265931594,0.0,0.1,0.004642307659791977,0.9591238069534301,0.012602082914176622,0.9287402629852295,0.9862747192382812,0.0017822036571378845
AdultCensusGlobalXAI,4,KernelSHAPIQ,,250,0.008140226478312284,0.006497919756823289,0.0027084455525212127,0.029744959869093455,0.0009189446247311577,0.034,0.06883876458946718,0.0,0.3,0.009735271449943324,2.226594104766846,0.01748425962558824,2.182695150375366,2.2649154663085938,0.0024726477090559174
AdultCensusGlobalXAI,4,KernelSHAPIQ,,500,0.0046635565195535175,0.003317134844795329,0.0019280500487204655,0.017133044492371786,0.00046911370857299255,0.126,0.11214058232451636,0.0,0.4,0.01585907324157476,4.281732439994812,0.016520105775271077,4.221360683441162,4.310601234436035,0.0023362957639226534
AdultCensusGlobalXAI,4,KernelSHAPIQ,,750,0.003388207361511173,0.0025599279692507582,0.001475942603781182,0.013519545753623423,0.0003620284852812637,0.18,0.1355261854357877,0.0,0.4,0.019166296949998194,6.147805638313294,0.018990586941314506,6.072205543518066,6.173237562179565,0.0026856745609832007
AdultCensusGlobalXAI,4,KernelSHAPIQ,,1000,43.32285819717254,138.49509149149887,0.21199772563408917,917.2926965141909,19.58616367093804,0.006000000000000001,0.023989793748209528,0.0,0.1,0.003392669167725119,7.499274644851685,0.02577988829095424,7.431793689727783,7.573404788970947,0.003645826765753106
AdultCensusGlobalXAI,4,KernelSHAPIQ,,2000,0.07018473081788415,0.0665292229293202,0.016482542144281347,0.31498297824542726,0.009408652936078772,0.026000000000000002,0.05272183453498839,0.0,0.2,0.007455993343257079,7.7286474609375,0.027322083235550364,7.670384645462036,7.79518461227417,0.003863926066400137
AdultCensusGlobalXAI,4,KernelSHAPIQ,,3500,0.014677199474428962,0.013919725595174378,0.003236823371242199,0.06304116381273518,0.0019685464721207503,0.106,0.10184021097498067,0.0,0.3,0.014402380755575497,8.170697712898255,0.04237088704899651,8.077141523361206,8.25099802017212,0.005992148311446858
AdultCensusGlobalXAI,4,KernelSHAPIQ,,5000,0.007532171563669307,0.007181266551392236,0.0017162161737105353,0.03295062380178362,0.0010155844551995167,0.19,0.14321384039831014,0.0,0.6,0.02025349554108261,8.560718383789062,0.03970834092188148,8.491387605667114,8.676498651504517,0.005615607427106025
AdultCensusGlobalXAI,4,PermutationIQ,inverse_variance_weighting,16,,,,,,0.006000000000000001,0.023989793748209524,0.0,0.1,0.003392669167725119,0.031599907875061034,0.04044739697734591,0.018755435943603516,0.1985304355621338,0.005720125736805113
AdultCensusGlobalXAI,4,PermutationIQ,inverse_variance_weighting,50,0.09148097180623992,0.03716047067268601,0.03632679715610639,0.2113198038561012,0.0052552841609480195,0.012000000000000002,0.032826072265931594,0.0,0.1,0.004642307659791977,0.05117469787597656,0.03697429341076479,0.04203367233276367,0.2367384433746338,0.005228954720066572
AdultCensusGlobalXAI,4,PermutationIQ,inverse_variance_weighting,100,0.06434555393278558,0.01811541801715659,0.037253666400710525,0.10889410074243971,0.002561906984792077,0.006000000000000001,0.023989793748209528,0.0,0.1,0.003392669167725119,0.07764718055725098,0.021583121480973615,0.07306432723999023,0.22700881958007812,0.0030523143116738976
AdultCensusGlobalXAI,4,PermutationIQ,inverse_variance_weighting,250,0.042230559881914036,0.007064383374476621,0.031493446722138926,0.06037892756229313,0.000999054677798785,0.016,0.03703280399090207,0.0,0.1,0.005237229365663817,0.17536956310272217,0.03608904945192196,0.16341924667358398,0.32312703132629395,0.005103762318806134
AdultCensusGlobalXAI,4,PermutationIQ,inverse_variance_weighting,500,0.023903838596317124,0.002349642604512338,0.019035640795172955,0.032102919163175474,0.00033228964380309915,0.044000000000000004,0.061145527311521994,0.0,0.2,0.00864728340024089,0.32130316734313963,0.005430494020262234,0.31381773948669434,0.33629345893859863,0.0007679878293840829
AdultCensusGlobalXAI,4,PermutationIQ,inverse_variance_weighting,750,0.01797937049063829,0.0018129260355839135,0.013740108868382566,0.023232000021549334,0.00025638645871020583,0.048,0.07351245903010634,0.0,0.3,0.010396231656377288,0.48790464878082274,0.04409945314615272,0.4649960994720459,0.6794707775115967,0.006236604473252603
AdultCensusGlobalXAI,4,PermutationIQ,inverse_variance_weighting,1000,0.014800790279624488,0.0012320380941050345,0.011993210557185842,0.018279504491932174,0.00017423649820436386,0.034,0.051941882750565264,0.0,0.2,0.007345691504104252,0.6419731426239014,0.03611907461451778,0.6167232990264893,0.8271348476409912,0.005108008518021686
AdultCensusGlobalXAI,4,PermutationIQ,inverse_variance_weighting,2000,0.008663381270191572,0.0006738470334902924,0.0072528753898049554,0.01014173930893597,9.529636137268494e-05,0.084,0.0976457570893432,0.0,0.4,0.013809195398393799,1.2700722312927246,0.03609835819939838,1.224365234375,1.4281055927276611,0.00510507877449912
AdultCensusGlobalXAI,4,PermutationIQ,inverse_variance_weighting,3500,0.005512124048272614,0.0003115176271284708,0.0047799277926208845,0.006183742545532312,4.4055245320336816e-05,0.124,0.10012237410248705,0.0,0.4,0.014159441935272991,2.211747431755066,0.03981972008808609,2.1492772102355957,2.3121490478515625,0.005631358819847166
AdultCensusGlobalXAI,4,PermutationIQ,inverse_variance_weighting,5000,0.0040901019731304795,0.0002559707806820858,0.0034970322628135003,0.004636352579148635,3.619973496118349e-05,0.14,0.1124858267715973,0.0,0.4,0.015907898179514348,3.221913652420044,0.07631305888163985,3.112915515899658,3.4096128940582275,0.010792296285659161
AdultCensusGlobalXAI,4,PermutationIQ,inverse_variance_weighting_optimal,16,,,,,,0.028000000000000004,0.045355736761107275,0.0,0.1,0.006414269805898184,0.031599907875061034,0.04044739697734591,0.018755435943603516,0.1985304355621338,0.005720125736805113
AdultCensusGlobalXAI,4,PermutationIQ,inverse_variance_weighting_optimal,50,,,,,,0.028000000000000004,0.045355736761107275,0.0,0.1,0.006414269805898184,0.05117469787597656,0.03697429341076479,0.04203367233276367,0.2367384433746338,0.005228954720066572
AdultCensusGlobalXAI,4,PermutationIQ,inverse_variance_weighting_optimal,100,,,,,,0.028000000000000004,0.045355736761107275,0.0,0.1,0.006414269805898184,0.07764718055725098,0.021583121480973615,0.07306432723999023,0.22700881958007812,0.0030523143116738976
AdultCensusGlobalXAI,4,PermutationIQ,inverse_variance_weighting_optimal,250,,,,,,0.028000000000000004,0.045355736761107275,0.0,0.1,0.006414269805898184,0.17536956310272217,0.03608904945192196,0.16341924667358398,0.32312703132629395,0.005103762318806134
AdultCensusGlobalXAI,4,PermutationIQ,inverse_variance_weighting_optimal,500,,,,,,0.028000000000000004,0.045355736761107275,0.0,0.1,0.006414269805898184,0.32130316734313963,0.005430494020262234,0.31381773948669434,0.33629345893859863,0.0007679878293840829
AdultCensusGlobalXAI,4,PermutationIQ,inverse_variance_weighting_optimal,750,,,,,,0.028000000000000004,0.045355736761107275,0.0,0.1,0.006414269805898184,0.48790464878082274,0.04409945314615272,0.4649960994720459,0.6794707775115967,0.006236604473252603
AdultCensusGlobalXAI,4,PermutationIQ,inverse_variance_weighting_optimal,1000,,,,,,0.028000000000000004,0.045355736761107275,0.0,0.1,0.006414269805898184,0.6419731426239014,0.03611907461451778,0.6167232990264893,0.8271348476409912,0.005108008518021686
AdultCensusGlobalXAI,4,PermutationIQ,inverse_variance_weighting_optimal,2000,,,,,,0.028000000000000004,0.045355736761107275,0.0,0.1,0.006414269805898184,1.2700722312927246,0.03609835819939838,1.224365234375,1.4281055927276611,0.00510507877449912
AdultCensusGlobalXAI,4,PermutationIQ,inverse_variance_weighting_optimal,3500,,,,,,0.028000000000000004,0.045355736761107275,0.0,0.1,0.006414269805898184,2.211747431755066,0.03981972008808609,2.1492772102355957,2.3121490478515625,0.005631358819847166
AdultCensusGlobalXAI,4,PermutationIQ,inverse_variance_weighting_optimal,5000,,,,,,0.028000000000000004,0.045355736761107275,0.0,0.1,0.006414269805898184,3.221913652420044,0.07631305888163985,3.112915515899658,3.4096128940582275,0.010792296285659161
AdultCensusGlobalXAI,4,PermutationIQ,mean,16,1.9575768789031178,1.442919197656823,0.18796790955900416,7.296951899522436,0.20405958987347836,0.004,0.01979486637221574,0.0,0.1,0.002799416848895061,0.031599907875061034,0.04044739697734591,0.018755435943603516,0.1985304355621338,0.005720125736805113
AdultCensusGlobalXAI,4,PermutationIQ,mean,50,0.5271831472543876,0.17082452545974172,0.20071758640207552,1.064247202721164,0.024158236069111477,0.012000000000000002,0.032826072265931594,0.0,0.1,0.004642307659791977,0.05117469787597656,0.03697429341076479,0.04203367233276367,0.2367384433746338,0.005228954720066572
AdultCensusGlobalXAI,4,PermutationIQ,mean,100,0.2772258715741966,0.07848771811489723,0.12414988959757152,0.4175827640704314,0.011099839543780413,0.014000000000000002,0.04045657788144657,0.0,0.2,0.0057214241127145115,0.07764718055725098,0.021583121480973615,0.07306432723999023,0.22700881958007812,0.0030523143116738976
AdultCensusGlobalXAI,4,PermutationIQ,mean,250,0.11280866219694952,0.022244720765045915,0.07932895867009676,0.1866588022814568,0.003145878579713033,0.024000000000000004,0.04763809143009448,0.0,0.2,0.006737043498600912,0.17536956310272217,0.03608904945192196,0.16341924667358398,0.32312703132629395,0.005103762318806134
AdultCensusGlobalXAI,4,PermutationIQ,mean,500,0.055276052458240355,0.006705325653581387,0.04487808821111332,0.07717683493051128,0.0009482762479423031,0.014000000000000002,0.04045657788144656,0.0,0.2,0.005721424112714511,0.32130316734313963,0.005430494020262234,0.31381773948669434,0.33629345893859863,0.0007679878293840829
AdultCensusGlobalXAI,4,PermutationIQ,mean,750,0.03703517114374278,0.004033797669871399,0.028519918101189312,0.04566700463823677,0.0005704651372601122,0.038000000000000006,0.06353530273696309,0.0,0.2,0.008985248682009365,0.48790464878082274,0.04409945314615272,0.4649960994720459,0.6794707775115967,0.006236604473252603
AdultCensusGlobalXAI,4,PermutationIQ,mean,1000,0.028100919124078975,0.0027828595722456375,0.020992130178980235,0.03431907591602398,0.000393555774924957,0.03,0.05050762722761054,0.0,0.2,0.007142857142857142,0.6419731426239014,0.03611907461451778,0.6167232990264893,0.8271348476409912,0.005108008518021686
AdultCensusGlobalXAI,4,PermutationIQ,mean,2000,0.013883168619246145,0.0010549957785890083,0.011723045234134817,0.01641674398764363,0.0001491989338326938,0.06,0.08081220356417687,0.0,0.4,0.011428571428571429,1.2700722312927246,0.03609835819939838,1.224365234375,1.4281055927276611,0.00510507877449912
AdultCensusGlobalXAI,4,PermutationIQ,mean,3500,0.00785143062199793,0.000504964837395404,0.006796467932019903,0.008863206880812751,7.141281215661049e-05,0.12,0.10497813183356478,0.0,0.4,0.014846149779161804,2.211747431755066,0.03981972008808609,2.1492772102355957,2.3121490478515625,0.005631358819847166
AdultCensusGlobalXAI,4,PermutationIQ,mean,5000,0.005469530431593308,0.0004054908137322573,0.004597627883856934,0.006373400196715422,5.734506081978607e-05,0.132,0.09133924207511875,0.0,0.3,0.012917319491951216,3.221913652420044,0.07631305888163985,3.112915515899658,3.4096128940582275,0.010792296285659161
AdultCensusGlobalXAI,4,PermutationSamplingSII,,16,0.0038699039527434766,0.0007064933874119445,0.0029512563709224206,0.0053912261568569535,9.991325302048812e-05,0.012000000000000002,0.032826072265931594,0.0,0.1,0.004642307659791977,0.0001606273651123047,2.315645620482923e-05,0.00012350082397460938,0.00026416778564453125,3.2748174421368097e-06
AdultCensusGlobalXAI,4,PermutationSamplingSII,,50,0.0038699039527434766,0.0007064933874119445,0.0029512563709224206,0.0053912261568569535,9.991325302048812e-05,0.012000000000000002,0.032826072265931594,0.0,0.1,0.004642307659791977,0.0001248788833618164,1.2439362505280128e-05,0.00010538101196289062,0.00015616416931152344,1.7591915162242504e-06
AdultCensusGlobalXAI,4,PermutationSamplingSII,,100,0.0038699039527434766,0.0007064933874119445,0.0029512563709224206,0.0053912261568569535,9.991325302048812e-05,0.012000000000000002,0.032826072265931594,0.0,0.1,0.004642307659791977,0.00012930393218994141,1.3899286120780745e-05,0.00010824203491210938,0.00017380714416503906,1.965655893931226e-06
AdultCensusGlobalXAI,4,PermutationSamplingSII,,250,0.0038699039527434766,0.0007064933874119445,0.0029512563709224206,0.0053912261568569535,9.991325302048812e-05,0.012000000000000002,0.032826072265931594,0.0,0.1,0.004642307659791977,0.00012786865234375,1.2079031259585738e-05,0.00010943412780761719,0.00016546249389648438,1.7082329827634719e-06
AdultCensusGlobalXAI,4,PermutationSamplingSII,,500,0.005957690379880552,0.0015541020089464533,0.0037565641575149945,0.01109227239125202,0.00021978321383633466,0.01,0.030304576336566327,0.0,0.1,0.004285714285714286,0.0035117101669311524,8.18036869785505e-05,0.003381967544555664,0.0038149356842041016,1.1568788357718958e-05
AdultCensusGlobalXAI,4,PermutationSamplingSII,,750,0.008110539889678114,0.0016528040394066241,0.00501513178465869,0.012998260566651107,0.00023374178884738833,0.012000000000000002,0.032826072265931594,0.0,0.1,0.004642307659791977,0.006673707962036133,9.677603498528772e-05,0.0064678192138671875,0.0069391727447509766,1.3686198118888674e-05
AdultCensusGlobalXAI,4,PermutationSamplingSII,,1000,0.008698811221520875,0.0020874668154513784,0.005518765911646245,0.016082687319723534,0.00029521238814151144,0.014000000000000002,0.04045657788144657,0.0,0.2,0.005721424112714511,0.006681394577026367,0.0001076167135878324,0.0064661502838134766,0.0069255828857421875,1.5219301589393363e-05
AdultCensusGlobalXAI,4,PermutationSamplingSII,,2000,0.015477794273101331,0.0033278868209174156,0.009795691006753161,0.023130603538047887,0.00047063426761840925,0.018000000000000002,0.04375255094603873,0.0,0.2,0.006187545093630776,0.016014790534973143,0.00018573025766879643,0.01560068130493164,0.016499042510986328,2.626622493382617e-05
AdultCensusGlobalXAI,4,PermutationSamplingSII,,3500,0.02357565776843236,0.004720856481572301,0.013894488719210441,0.03663788265949676,0.000667629926225648,0.014000000000000002,0.03505098327538656,0.0,0.1,0.0049569575922564215,0.028696880340576172,0.0002998935096332263,0.028111696243286133,0.029575586318969727,4.241134685909767e-05
AdultCensusGlobalXAI,4,PermutationSamplingSII,,5000,0.03370908335559171,0.005035335206159749,0.025743776170747426,0.04906973451718348,0.0007121039339645842,0.024000000000000004,0.05174505793221382,0.0,0.2,0.007317856271351827,0.044361505508422855,0.00035274928115938556,0.043602705001831055,0.04519486427307129,4.98862817532957e-05
AdultCensusGlobalXAI,4,SHAPIQ,,16,0.8035297670850199,0.7394440253876088,0.08539343878532757,3.993003523286456,0.10457317693189115,0.008,0.03404678653660854,0.0,0.2,0.0048149427275293475,0.07184070110321045,0.0007960814590623693,0.07037138938903809,0.07454848289489746,0.00011258291961597664
AdultCensusGlobalXAI,4,SHAPIQ,,50,0.2276391562361538,0.1896030882965695,0.056907683356075406,0.9410928987311816,0.026813925893683203,0.024,0.06869037302955033,0.0,0.4,0.009714285714285713,0.08304510593414306,0.0009303642107987521,0.08139514923095703,0.08745360374450684,0.0001315733684858135
AdultCensusGlobalXAI,4,SHAPIQ,,100,0.10885948199751119,0.0893960018392981,0.01972856526033539,0.41293902615138467,0.012642503822306552,0.028000000000000004,0.05728553615932407,0.0,0.2,0.008101398216433043,0.0971283483505249,0.0010842115224275468,0.09586501121520996,0.10242700576782227,0.00015333066394982133
AdultCensusGlobalXAI,4,SHAPIQ,,250,0.03029670744975397,0.025294265572489847,0.009749247281537803,0.12184230397991964,0.0035771493422882,0.06,0.096890428330361,0.0,0.4,0.013702375780893485,0.14645631313323976,0.0013754620908727683,0.14425063133239746,0.15113472938537598,0.00019451971434423105
AdultCensusGlobalXAI,4,SHAPIQ,,500,0.008592241963389556,0.006723340745836716,0.0026293447291702013,0.031026587328296995,0.0009508239667217923,0.10200000000000001,0.08687311883149014,0.0,0.3,0.012285714285714287,0.20906604290008546,0.002219654637362574,0.20567035675048828,0.21825504302978516,0.0003139065691942486
AdultCensusGlobalXAI,4,SHAPIQ,,750,0.0034412330600174313,0.00240657064420063,0.0015209467643238694,0.01140463618304844,0.0003403404843837487,0.18600000000000003,0.13554124306434764,0.0,0.4,0.019168426420250864,0.30151020526885985,0.0032149010645106664,0.29674386978149414,0.31489133834838867,0.0004546556687118681
AdultCensusGlobalXAI,4,SHAPIQ,,1000,0.23894209203973937,0.226948933784623,0.05593511304078265,1.1691402993646638,0.03209542601243274,0.006000000000000001,0.02398979374820952,0.0,0.1,0.003392669167725119,0.31718121528625487,0.003472331176525995,0.3113889694213867,0.3338351249694824,0.0004910617842894006
AdultCensusGlobalXAI,4,SHAPIQ,,2000,0.01243433535879309,0.010892265255621956,0.003976815639433403,0.04979419437493652,0.0015403989249465815,0.086,0.09899494936611665,0.0,0.3,0.014,0.6063348007202148,0.005773411252754541,0.5977463722229004,0.6333749294281006,0.0008164836494802928
AdultCensusGlobalXAI,4,SHAPIQ,,3500,0.004720661407869496,0.003989600807027614,0.0016027460183963159,0.01933016825314637,0.0005642147569753096,0.198,0.14497008839968417,0.0,0.6,0.020501866515325984,1.0498341178894044,0.007954131052991418,1.0372116565704346,1.0817179679870605,0.0011248840012033402
AdultCensusGlobalXAI,4,SHAPIQ,,5000,0.0027565255764502522,0.002428543892218602,0.0008944408484911002,0.011182290309662222,0.0003434479709193891,0.32,0.1690308509457033,0.0,0.7,0.02390457218668787,1.5115217828750611,0.010097195211646067,1.4938561916351318,1.541792392730713,0.0014279590410238448
AdultCensusGlobalXAI,4,SVARMIQ,,16,0.00779725440890326,0.004198642830824159,0.0035100043334631782,0.02638983996863071,0.000593777763491209,0.014000000000000002,0.03505098327538656,0.0,0.1,0.004956957592256421,5.546945376396179,0.3381360433900039,5.036046743392944,6.069358825683594,0.04781965784893208
AdultCensusGlobalXAI,4,SVARMIQ,,50,0.010212575564999049,0.007982749532758376,0.004093730484948086,0.04115563050246464,0.0011289312654254383,0.02,0.045175395145262566,0.0,0.2,0.006388765649999398,6.625549530982971,0.126742149167307,6.465355396270752,6.990467309951782,0.01792404662767199
AdultCensusGlobalXAI,4,SVARMIQ,,100,0.023474918412970464,0.026047667681335273,0.00406901073529119,0.11312907456228212,0.0036836964903131696,0.038000000000000006,0.08545197959278959,0.0,0.5,0.012084734847175201,7.415753536224365,0.061934222033425974,7.308861494064331,7.599050283432007,0.008758821677469844
AdultCensusGlobalXAI,4,SVARMIQ,,250,0.005056709204151137,0.002566323921269566,0.0027793363819887283,0.014124785013775993,0.0003629330094901923,0.09,0.10151907431108496,0.0,0.5,0.014356965173029842,10.07771857738495,0.046925839632922094,9.976114988327026,10.215725660324097,0.006636315883462374
AdultCensusGlobalXAI,4,SVARMIQ,,500,0.008163851313284974,0.009069732170991187,0.001528441000578524,0.03983005857824006,0.001282653824330731,0.17400000000000002,0.15754494013856904,0.0,0.6,0.02228021910272217,14.025134358406067,0.06297402267716391,13.870258092880249,14.160258293151855,0.008905871694723604
AdultCensusGlobalXAI,4,SVARMIQ,,750,0.0024727945411067605,0.0020979150253906584,0.0008770700180162088,0.009803356464259253,0.0002966899881613765,0.294,0.19837091623562983,0.0,0.7,0.028053884012080484,18.495873193740845,0.0909413159074364,18.28858971595764,18.679816722869873,0.012861044233635325
AdultCensusGlobalXAI,4,SVARMIQ,,1000,0.01116359975799271,0.00810282434785883,0.003985112033977781,0.03864595069744757,0.0011459124086268884,0.084,0.09116032076310752,0.0,0.3,0.01289201619734683,39.46946261882782,0.16935851703160323,39.02438163757324,39.728646993637085,0.02395091116894887
AdultCensusGlobalXAI,4,SVARMIQ,,2000,0.003620102057370157,0.0013428941843855694,0.002397466010992581,0.008797689387846084,0.00018991391683900277,0.24600000000000002,0.13584204512775044,0.0,0.6,0.019210966256016274,68.18760579109193,0.3321700337893179,67.39104986190796,68.67522239685059,0.04697593667987806
AdultCensusGlobalXAI,4,SVARMIQ,,3500,0.001926696635160419,0.0010379748461209568,0.0010861371565640933,0.0055645653269671665,0.00014679181047863834,0.374,0.1454198706350346,0.1,0.7,0.02056547532906069,111.06308223247528,0.6124645503212681,109.45827960968018,111.9546709060669,0.08661556735370741
AdultCensusGlobalXAI,4,SVARMIQ,,5000,0.0010851195044538206,0.0005545626557810352,0.0006493328102836385,0.0030951510413550383,7.842700289911823e-05,0.494,0.14485742462638135,0.1,0.8,0.020485933451706687,155.97218986988068,0.9873948482651992,153.56208205223083,157.68165469169617,0.13963871858339633
