Game,n,k,Approximator,Variant,Budget,MSE_mean,MSE_std,MSE_min,MSE_max,MSE_se,Prec10_mean,Prec10_std,Prec10_min,Prec10_max,Prec10_se,Runtime_mean,Runtime_std,Runtime_min,Runtime_max,Runtime_se
BikeSharingLocalXAI,12,1,KernelSHAPIQ,,13,6.543090500458286e+18,4.624014032312298e+19,109.00664231641997,3.2697086545161467e+20,6.539343357099555e+18,0.862,0.05674864018868915,0.8,1.0,0.008025469660107505,,,,,
BikeSharingLocalXAI,12,1,KernelSHAPIQ,,50,257.33026486715187,280.0876771506921,7.847478602965047,1209.6707209675344,39.61037916800856,0.8660000000000001,0.05573259772323186,0.8,1.0,0.00788177955664784,,,,,
BikeSharingLocalXAI,12,1,KernelSHAPIQ,,100,69.08837698503984,63.08295262184825,3.3498418038071445,297.5481422113193,8.921276715235718,0.858,0.06091144458665097,0.8,1.0,0.008614179103817904,,,,,
BikeSharingLocalXAI,12,1,KernelSHAPIQ,,200,34.77675032509882,36.75766494669065,1.1413552225991443,177.74403023996126,5.1983188288776025,0.878,0.0648074069840786,0.8,1.0,0.009165151389911677,,,,,
BikeSharingLocalXAI,12,1,KernelSHAPIQ,,350,13.084729906957005,12.092234675762437,0.14269021700530288,63.61399684930401,1.7101002277861463,0.882,0.05602477586036449,0.8,1.0,0.007923099785064025,,,,,
BikeSharingLocalXAI,12,1,KernelSHAPIQ,,500,9.542349027504525,9.340833531286565,0.247412514857708,42.98448447225156,1.320993346381483,0.8960000000000001,0.060474315681476355,0.8,1.0,0.008552359741197576,,,,,
BikeSharingLocalXAI,12,1,KernelSHAPIQ,,750,14.823926164615168,14.138423608975073,0.49200247720357826,62.378121255357485,1.9994750418388507,0.882,0.07196938124462852,0.8,1.0,0.010178007503175355,,,,,
BikeSharingLocalXAI,12,1,KernelSHAPIQ,,1000,6.243924636822831,8.07980739033633,0.21917472554559514,46.10080961324274,1.1426573192775997,0.912,0.0593845991166472,0.8,1.0,0.008398250546685181,,,,,
BikeSharingLocalXAI,12,1,PermutationIQ,inverse_variance_weighting,13,,,,,,0.8,0.0,0.8,0.8,3.172065784643304e-17,,,,,
BikeSharingLocalXAI,12,1,PermutationIQ,inverse_variance_weighting,50,422.108665279375,608.598661373994,10.03379277620387,2355.9176424498614,86.06884809572131,0.958,0.06091144458665098,0.8,1.0,0.008614179103817904,,,,,
BikeSharingLocalXAI,12,1,PermutationIQ,inverse_variance_weighting,100,165.45061549286078,225.3879536904627,3.8537487333047618,1014.8559383193541,31.874670090457148,0.958,0.06091144458665098,0.8,1.0,0.008614179103817904,,,,,
BikeSharingLocalXAI,12,1,PermutationIQ,inverse_variance_weighting,200,90.65836757196912,117.85758272442041,0.6672002341063866,557.8552621258478,16.66757919173843,0.96,0.06060915267313264,0.8,1.0,0.00857142857142857,,,,,
BikeSharingLocalXAI,12,1,PermutationIQ,inverse_variance_weighting,350,45.60458725145214,73.85935733669963,0.363001928324065,439.95927577731726,10.445290485372139,0.96,0.06060915267313264,0.8,1.0,0.00857142857142857,,,,,
BikeSharingLocalXAI,12,1,PermutationIQ,inverse_variance_weighting,500,25.855764959529992,34.3551858013951,0.6550618027303109,191.60170732627216,4.8585569698180535,0.9620000000000001,0.06023762469230862,0.8,1.0,0.008518886580500326,,,,,
BikeSharingLocalXAI,12,1,PermutationIQ,inverse_variance_weighting,750,21.526425860382528,47.02472884274816,0.7539122415684191,294.7074142985595,6.65030092963317,0.96,0.060609152673132646,0.8,1.0,0.00857142857142857,,,,,
BikeSharingLocalXAI,12,1,PermutationIQ,inverse_variance_weighting,1000,14.945484678926992,30.05103757269726,0.3729336175509355,205.44926238241806,4.249858489869192,0.9620000000000001,0.06023762469230862,0.8,1.0,0.008518886580500326,,,,,
BikeSharingLocalXAI,12,1,PermutationIQ,inverse_variance_weighting_optimal,13,,,,,,0.8,0.0,0.8,0.8,3.172065784643304e-17,,,,,
BikeSharingLocalXAI,12,1,PermutationIQ,inverse_variance_weighting_optimal,50,,,,,,0.8,0.0,0.8,0.8,3.172065784643304e-17,,,,,
BikeSharingLocalXAI,12,1,PermutationIQ,inverse_variance_weighting_optimal,100,,,,,,0.8,0.0,0.8,0.8,3.172065784643304e-17,,,,,
BikeSharingLocalXAI,12,1,PermutationIQ,inverse_variance_weighting_optimal,200,,,,,,0.8,0.0,0.8,0.8,3.172065784643304e-17,,,,,
BikeSharingLocalXAI,12,1,PermutationIQ,inverse_variance_weighting_optimal,350,,,,,,0.8,0.0,0.8,0.8,3.172065784643304e-17,,,,,
BikeSharingLocalXAI,12,1,PermutationIQ,inverse_variance_weighting_optimal,500,,,,,,0.8,0.0,0.8,0.8,3.172065784643304e-17,,,,,
BikeSharingLocalXAI,12,1,PermutationIQ,inverse_variance_weighting_optimal,750,,,,,,0.8,0.0,0.8,0.8,3.172065784643304e-17,,,,,
BikeSharingLocalXAI,12,1,PermutationIQ,inverse_variance_weighting_optimal,1000,,,,,,0.8,0.0,0.8,0.8,3.172065784643304e-17,,,,,
BikeSharingLocalXAI,12,1,PermutationIQ,mean,13,,,,,,0.812,0.032826072265931594,0.8,0.9,0.004642307659791976,,,,,
BikeSharingLocalXAI,12,1,PermutationIQ,mean,50,422.10866527937503,608.5986613739941,10.033792776203871,2355.9176424498614,86.06884809572131,0.958,0.06091144458665098,0.8,1.0,0.008614179103817904,,,,,
BikeSharingLocalXAI,12,1,PermutationIQ,mean,100,165.45061549286078,225.38795369046275,3.853748733304767,1014.8559383193541,31.874670090457155,0.958,0.06091144458665098,0.8,1.0,0.008614179103817904,,,,,
BikeSharingLocalXAI,12,1,PermutationIQ,mean,200,90.65836757196912,117.8575827244204,0.667200234106386,557.8552621258477,16.66757919173843,0.96,0.06060915267313264,0.8,1.0,0.00857142857142857,,,,,
BikeSharingLocalXAI,12,1,PermutationIQ,mean,350,45.60458725145213,73.85935733669963,0.3630019283240657,439.95927577731726,10.445290485372139,0.96,0.06060915267313264,0.8,1.0,0.00857142857142857,,,,,
BikeSharingLocalXAI,12,1,PermutationIQ,mean,500,25.85576495952999,34.355185801395095,0.6550618027303112,191.60170732627216,4.858556969818053,0.9620000000000001,0.06023762469230862,0.8,1.0,0.008518886580500326,,,,,
BikeSharingLocalXAI,12,1,PermutationIQ,mean,750,21.526425860382528,47.02472884274815,0.7539122415684191,294.7074142985594,6.650300929633168,0.96,0.060609152673132646,0.8,1.0,0.00857142857142857,,,,,
BikeSharingLocalXAI,12,1,PermutationIQ,mean,1000,14.945484678926993,30.051037572697265,0.3729336175509353,205.44926238241808,4.249858489869193,0.9620000000000001,0.06023762469230862,0.8,1.0,0.008518886580500326,,,,,
BikeSharingLocalXAI,12,1,PermutationIQStratified,inverse_variance_weighting,13,,,,,,0.8,0.0,0.8,0.8,3.172065784643304e-17,,,,,
BikeSharingLocalXAI,12,1,PermutationIQStratified,inverse_variance_weighting,50,,,,,,0.878,0.0648074069840786,0.8,1.0,0.009165151389911677,,,,,
BikeSharingLocalXAI,12,1,PermutationIQStratified,inverse_variance_weighting,100,159.38958278241057,209.75165480459032,4.805346203450708,838.7847745982793,37.67250931179428,0.9540000000000001,0.057887998826728015,0.8,1.0,0.008186599303939657,,,,,
BikeSharingLocalXAI,12,1,PermutationIQStratified,inverse_variance_weighting,200,90.8790091726109,110.044173862267,1.8695803211572608,482.793209601464,15.562596313616087,0.96,0.06060915267313264,0.8,1.0,0.00857142857142857,,,,,
BikeSharingLocalXAI,12,1,PermutationIQStratified,inverse_variance_weighting,350,36.67480943256081,40.580604534153956,1.5883438410361626,183.1220237625049,5.738964130149966,0.96,0.06060915267313264,0.8,1.0,0.00857142857142857,,,,,
BikeSharingLocalXAI,12,1,PermutationIQStratified,inverse_variance_weighting,500,23.545206068368092,30.496751473425192,0.7447465021735732,141.01040908401703,4.312891954203957,0.9620000000000001,0.06023762469230862,0.8,1.0,0.008518886580500326,,,,,
BikeSharingLocalXAI,12,1,PermutationIQStratified,inverse_variance_weighting,750,16.03466553535463,24.263728991724808,0.7030574024484025,142.61894047658527,3.431409461384248,0.9620000000000001,0.06023762469230862,0.8,1.0,0.008518886580500326,,,,,
BikeSharingLocalXAI,12,1,PermutationIQStratified,inverse_variance_weighting,1000,11.618923850730244,18.617488481637213,0.2728789349573027,108.96354083369859,2.632910470805623,0.958,0.06091144458665097,0.8,1.0,0.008614179103817904,,,,,
BikeSharingLocalXAI,12,1,PermutationIQStratified,inverse_variance_weighting_optimal,13,,,,,,0.8,0.0,0.8,0.8,3.172065784643304e-17,,,,,
BikeSharingLocalXAI,12,1,PermutationIQStratified,inverse_variance_weighting_optimal,50,,,,,,0.8,0.0,0.8,0.8,3.172065784643304e-17,,,,,
BikeSharingLocalXAI,12,1,PermutationIQStratified,inverse_variance_weighting_optimal,100,,,,,,0.8,0.0,0.8,0.8,3.172065784643304e-17,,,,,
BikeSharingLocalXAI,12,1,PermutationIQStratified,inverse_variance_weighting_optimal,200,,,,,,0.8,0.0,0.8,0.8,3.172065784643304e-17,,,,,
BikeSharingLocalXAI,12,1,PermutationIQStratified,inverse_variance_weighting_optimal,350,,,,,,0.8,0.0,0.8,0.8,3.172065784643304e-17,,,,,
BikeSharingLocalXAI,12,1,PermutationIQStratified,inverse_variance_weighting_optimal,500,,,,,,0.8,0.0,0.8,0.8,3.172065784643304e-17,,,,,
BikeSharingLocalXAI,12,1,PermutationIQStratified,inverse_variance_weighting_optimal,750,,,,,,0.8,0.0,0.8,0.8,3.172065784643304e-17,,,,,
BikeSharingLocalXAI,12,1,PermutationIQStratified,inverse_variance_weighting_optimal,1000,,,,,,0.8,0.0,0.8,0.8,3.172065784643304e-17,,,,,
BikeSharingLocalXAI,12,1,PermutationIQStratified,mean,13,,,,,,0.812,0.032826072265931594,0.8,0.9,0.004642307659791976,,,,,
BikeSharingLocalXAI,12,1,PermutationIQStratified,mean,50,434.4370949823758,622.2173997361953,3.8479841834027995,2349.075588536463,87.99482854514487,0.956,0.061145527311521994,0.8,1.0,0.008647283400240888,,,,,
BikeSharingLocalXAI,12,1,PermutationIQStratified,mean,100,182.15515703375218,247.499869486156,4.504731292774846,973.4022635629226,35.00176721128928,0.958,0.06091144458665098,0.8,1.0,0.008614179103817904,,,,,
BikeSharingLocalXAI,12,1,PermutationIQStratified,mean,200,90.8790091726109,110.04417386226699,1.8695803211572628,482.793209601464,15.562596313616085,0.96,0.06060915267313264,0.8,1.0,0.00857142857142857,,,,,
BikeSharingLocalXAI,12,1,PermutationIQStratified,mean,350,36.674809432560814,40.58060453415397,1.5883438410361634,183.1220237625049,5.7389641301499665,0.96,0.06060915267313264,0.8,1.0,0.00857142857142857,,,,,
BikeSharingLocalXAI,12,1,PermutationIQStratified,mean,500,23.545206068368092,30.4967514734252,0.7447465021735732,141.01040908401703,4.312891954203958,0.9620000000000001,0.06023762469230862,0.8,1.0,0.008518886580500326,,,,,
BikeSharingLocalXAI,12,1,PermutationIQStratified,mean,750,16.03466553535463,24.263728991724815,0.7030574024484015,142.61894047658535,3.431409461384249,0.9620000000000001,0.06023762469230862,0.8,1.0,0.008518886580500326,,,,,
BikeSharingLocalXAI,12,1,PermutationIQStratified,mean,1000,11.618923850730244,18.61748848163721,0.27287893495730237,108.96354083369859,2.632910470805623,0.958,0.06091144458665097,0.8,1.0,0.008614179103817904,,,,,
BikeSharingLocalXAI,12,1,PermutationSamplingSII,,13,2432.6255862931007,1618.4414315824295,53.31934889349838,6523.484164113374,228.88218224503993,0.8,0.0,0.8,0.8,3.172065784643304e-17,,,,,
BikeSharingLocalXAI,12,1,PermutationSamplingSII,,50,2432.6255862931007,1618.4414315824295,53.31934889349838,6523.484164113374,228.88218224503993,0.8,0.0,0.8,0.8,3.172065784643304e-17,,,,,
BikeSharingLocalXAI,12,1,PermutationSamplingSII,,100,2432.6255862931007,1618.4414315824295,53.31934889349838,6523.484164113374,228.88218224503993,0.8,0.0,0.8,0.8,3.172065784643304e-17,,,,,
BikeSharingLocalXAI,12,1,PermutationSamplingSII,,200,2432.6255862931007,1618.4414315824295,53.31934889349838,6523.484164113374,228.88218224503993,0.8,0.0,0.8,0.8,3.172065784643304e-17,,,,,
BikeSharingLocalXAI,12,1,PermutationSamplingSII,,350,1248.2841655806915,1170.685429648309,12.906527970932132,5183.902865105906,165.55992118812125,0.9540000000000001,0.06131218209678552,0.8,1.0,0.008670851945996294,,,,,
BikeSharingLocalXAI,12,1,PermutationSamplingSII,,500,1082.008206109276,1154.4234468697684,63.60929683895933,6750.457826875372,163.26012952847225,0.946,0.06455499158682858,0.8,1.0,0.009129454462097402,,,,,
BikeSharingLocalXAI,12,1,PermutationSamplingSII,,750,491.27340586816734,652.1678756508837,15.463459410920096,2669.259295991288,92.23046546895297,0.948,0.06141195788629905,0.8,1.0,0.00868496237346895,,,,,
BikeSharingLocalXAI,12,1,PermutationSamplingSII,,1000,497.6271992441118,810.6898330575741,5.0796544963351655,4973.438382608462,114.64885567880016,0.9520000000000001,0.061411957886299065,0.8,1.0,0.00868496237346895,,,,,
BikeSharingLocalXAI,12,1,SHAPIQ,,13,3199.517526927647,2007.2688868293308,101.41887051322567,8776.600830961788,283.8706883083585,0.8340000000000001,0.05194188275056524,0.8,1.0,0.007345691504104249,,,,,
BikeSharingLocalXAI,12,1,SHAPIQ,,50,1213.2340501825663,887.8103847785596,69.10542945751983,3559.9269854355875,125.55534869695151,0.8540000000000001,0.05034574339058882,0.8,0.9,0.007119963311072633,,,,,
BikeSharingLocalXAI,12,1,SHAPIQ,,100,647.368221336808,441.1044835815295,21.116499175902792,2033.6129139383113,62.38159431045791,0.84,0.049487165930539326,0.8,0.9,0.00699854212223765,,,,,
BikeSharingLocalXAI,12,1,SHAPIQ,,200,522.3553420116328,376.995478007102,18.53171864391864,1821.0716508326595,53.31521179509716,0.862,0.060237624692308596,0.8,1.0,0.008518886580500326,,,,,
BikeSharingLocalXAI,12,1,SHAPIQ,,350,467.4230386890288,322.1484542901265,13.968133468940259,1466.9219961752244,45.558671315462604,0.8320000000000001,0.04712120714991611,0.8,0.9,0.006663945022680341,,,,,
BikeSharingLocalXAI,12,1,SHAPIQ,,500,458.2076960426431,313.86281687597756,13.370523505308576,1300.6412677015594,44.38690523506306,0.8540000000000001,0.0613121820967855,0.8,1.0,0.008670851945996294,,,,,
BikeSharingLocalXAI,12,1,SHAPIQ,,750,92.57090516743504,81.86587660219688,1.906197186834713,413.8744979501491,11.577583298638903,0.88,0.05714285714285713,0.8,1.0,0.008081220356417685,,,,,
BikeSharingLocalXAI,12,1,SHAPIQ,,1000,36.104584515846426,34.12922735898885,0.7696680555094592,185.5652475563334,4.826601620439692,0.884,0.054809503123573945,0.8,1.0,0.007751234266428876,,,,,
BikeSharingLocalXAI,12,1,SVARMIQ,,13,2057.189727292921,1137.8890055453503,57.52966243022553,5163.130301102329,160.9218064117468,0.8420000000000001,0.05379477252503632,0.8,1.0,0.007607729688968197,,,,,
BikeSharingLocalXAI,12,1,SVARMIQ,,50,1051.6231922838872,710.22571995425,49.479123357432634,3005.67940067207,100.44108455054963,0.8440000000000001,0.054059679795498555,0.8,1.0,0.007645193234434085,,,,,
BikeSharingLocalXAI,12,1,SVARMIQ,,100,537.3403483473611,376.6105079947234,19.819229911876903,1804.2844419242394,53.26076881383588,0.858,0.05379477252503635,0.8,1.0,0.007607729688968197,,,,,
BikeSharingLocalXAI,12,1,SVARMIQ,,200,466.74990035762835,324.6626462682819,12.301107520072899,1466.5666203804756,45.914231754854285,0.858,0.06091144458665098,0.8,1.0,0.008614179103817904,,,,,
BikeSharingLocalXAI,12,1,SVARMIQ,,350,452.72092784329595,316.1521172906043,14.995186900133954,1301.842350403529,44.710661204534205,0.84,0.05345224838248487,0.8,1.0,0.0075592894601845435,,,,,
BikeSharingLocalXAI,12,1,SVARMIQ,,500,451.51746872503173,312.4786072156584,14.468550754128286,1259.6665104352621,44.191148427583954,0.8320000000000001,0.05510657577710259,0.8,1.0,0.007793246683991915,,,,,
BikeSharingLocalXAI,12,1,SVARMIQ,,750,40.473065917969045,39.24386342781593,1.7618713481036734,244.03664888250466,5.5499203899534795,0.8740000000000001,0.06642473107178666,0.8,1.0,0.009393875555870625,,,,,
BikeSharingLocalXAI,12,1,SVARMIQ,,1000,13.997972816979093,10.98952158233548,1.0023996058977933,44.524930965254725,1.554153046573067,0.898,0.05886685079439003,0.8,1.0,0.008325029876761978,,,,,
BikeSharingLocalXAI,12,2,KernelSHAPIQ,,13,4.02275709489327e+48,2.844518820865327e+49,21.059465074103407,2.011378547446635e+50,4.0227570948932705e+48,0.17400000000000002,0.14114690566778937,0.0,0.5,0.01996118682823836,,,,,
BikeSharingLocalXAI,12,2,KernelSHAPIQ,,50,19119266.69413294,117856350.96928902,425.0391530773241,831678806.2506956,16667404.995257199,0.188,0.13797367391599583,0.0,0.5,0.019512424090244427,,,,,
BikeSharingLocalXAI,12,2,KernelSHAPIQ,,100,619.9789602318262,675.0494448238393,18.521732833506316,3665.2204788467166,95.46640801423017,0.402,0.1392252616064619,0.1,0.7,0.019689425318880058,,,,,
BikeSharingLocalXAI,12,2,KernelSHAPIQ,,200,40.37251828414767,38.79825154708978,0.7442344979349094,170.24395379403012,5.486901353425727,0.75,0.10926470386270255,0.5,0.9,0.015452362609131387,,,,,
BikeSharingLocalXAI,12,2,KernelSHAPIQ,,350,5.189694506646799,5.424606355688087,0.08258471176147053,29.523772689152082,0.7671551878749381,0.894,0.07930823361018292,0.7,1.0,0.011215877957937439,,,,,
BikeSharingLocalXAI,12,2,KernelSHAPIQ,,500,2.949057085205199,3.627228774174715,0.029461479556420145,18.691094849231614,0.5129676126267818,0.914,0.07561988724494881,0.8,1.0,0.010694267012693081,,,,,
BikeSharingLocalXAI,12,2,KernelSHAPIQ,,750,5.378457794093774,4.5034480773187,0.12754127668672774,18.436055116196858,0.6368837348387143,0.9059999999999999,0.08900813996254409,0.7,1.0,0.012587651869663251,,,,,
BikeSharingLocalXAI,12,2,KernelSHAPIQ,,1000,2.169623785148742,1.9971316227303748,0.035199768372424854,8.797716815250398,0.2824370626709484,0.9420000000000001,0.06417450698633201,0.8,1.0,0.009075645813867765,,,,,
BikeSharingLocalXAI,12,2,PermutationIQ,inverse_variance_weighting,13,,,,,,0.08200000000000002,0.08002550613806239,0.0,0.2,0.01131731561162192,,,,,
BikeSharingLocalXAI,12,2,PermutationIQ,inverse_variance_weighting,50,482.553432799924,522.7328787340541,48.411109916301996,3220.4471027921427,73.92559266040298,0.546,0.1514689972993059,0.2,0.8,0.02142095102597321,,,,,
BikeSharingLocalXAI,12,2,PermutationIQ,inverse_variance_weighting,100,319.32936764579097,287.1542122480388,26.44097767253131,1115.1220667763557,40.609738145373875,0.6,0.1370237578089348,0.3,0.8,0.019378085666072194,,,,,
BikeSharingLocalXAI,12,2,PermutationIQ,inverse_variance_weighting,200,127.2205427759982,107.17186832138673,9.995287538825684,499.62131517554747,15.156390968496856,0.6559999999999999,0.12961481396815722,0.2,0.9,0.018330302779823362,,,,,
BikeSharingLocalXAI,12,2,PermutationIQ,inverse_variance_weighting,350,80.92571358466631,78.38425926275704,8.88354071311058,416.8397458069561,11.085208252595988,0.732,0.11328130058056578,0.5,0.9,0.016020395164429928,,,,,
BikeSharingLocalXAI,12,2,PermutationIQ,inverse_variance_weighting,500,58.38204933463534,72.443881118751,6.619327664547985,362.84011664980983,10.245111918908181,0.7559999999999999,0.08843307166024097,0.5,0.9,0.012506324930422455,,,,,
BikeSharingLocalXAI,12,2,PermutationIQ,inverse_variance_weighting,750,46.06596648573893,55.623668675154704,2.24549105170918,309.7520023923722,7.866374662935127,0.7759999999999999,0.09380831519646862,0.6,1.0,0.013266499161421603,,,,,
BikeSharingLocalXAI,12,2,PermutationIQ,inverse_variance_weighting,1000,26.296802872116036,24.664897232531242,3.246667478697551,109.71184575502043,3.4881432180784295,0.7959999999999999,0.092493794607078,0.6,1.0,0.013080597876868114,,,,,
BikeSharingLocalXAI,12,2,PermutationIQ,inverse_variance_weighting_optimal,13,,,,,,0.08200000000000002,0.08002550613806239,0.0,0.2,0.01131731561162192,,,,,
BikeSharingLocalXAI,12,2,PermutationIQ,inverse_variance_weighting_optimal,50,,,,,,0.08200000000000002,0.08002550613806239,0.0,0.2,0.01131731561162192,,,,,
BikeSharingLocalXAI,12,2,PermutationIQ,inverse_variance_weighting_optimal,100,,,,,,0.08200000000000002,0.08002550613806239,0.0,0.2,0.01131731561162192,,,,,
BikeSharingLocalXAI,12,2,PermutationIQ,inverse_variance_weighting_optimal,200,,,,,,0.08200000000000002,0.08002550613806239,0.0,0.2,0.01131731561162192,,,,,
BikeSharingLocalXAI,12,2,PermutationIQ,inverse_variance_weighting_optimal,350,,,,,,0.08200000000000002,0.08002550613806239,0.0,0.2,0.01131731561162192,,,,,
BikeSharingLocalXAI,12,2,PermutationIQ,inverse_variance_weighting_optimal,500,,,,,,0.08200000000000002,0.08002550613806239,0.0,0.2,0.01131731561162192,,,,,
BikeSharingLocalXAI,12,2,PermutationIQ,inverse_variance_weighting_optimal,750,,,,,,0.08200000000000002,0.08002550613806239,0.0,0.2,0.01131731561162192,,,,,
BikeSharingLocalXAI,12,2,PermutationIQ,inverse_variance_weighting_optimal,1000,,,,,,0.08200000000000002,0.08002550613806239,0.0,0.2,0.01131731561162192,,,,,
BikeSharingLocalXAI,12,2,PermutationIQ,mean,13,,,,,,0.14,0.08081220356417686,0.0,0.3,0.011428571428571429,,,,,
BikeSharingLocalXAI,12,2,PermutationIQ,mean,50,2720.9727789801927,1694.434702131498,222.14975059372748,7171.804377127417,239.62925363099802,0.37200000000000005,0.12128563015309214,0.2,0.7,0.017152378308347007,,,,,
BikeSharingLocalXAI,12,2,PermutationIQ,mean,100,1544.0009775805554,1141.408671760901,71.94123866868485,5453.076021589569,161.4195623814526,0.384,0.13455899244933275,0.1,0.6,0.019029515206110525,,,,,
BikeSharingLocalXAI,12,2,PermutationIQ,mean,200,700.8602249273561,499.5812302404504,49.83192001507408,2568.446202082749,70.65145513130807,0.42200000000000004,0.13292624930803562,0.1,0.7,0.01879861045668112,,,,,
BikeSharingLocalXAI,12,2,PermutationIQ,mean,350,434.01156535471955,338.5818906233541,26.262570895630674,1541.2349783983514,47.88271016934711,0.506,0.12190662200961815,0.3,0.8,0.01724019981890924,,,,,
BikeSharingLocalXAI,12,2,PermutationIQ,mean,500,265.51430572454166,222.07130901254422,14.779916958555187,1088.0661703227731,31.405625701948654,0.5319999999999999,0.12195683411664593,0.3,0.7,0.017247300883184647,,,,,
BikeSharingLocalXAI,12,2,PermutationIQ,mean,750,198.7672814886016,161.07492689751857,11.817922382782356,791.1570432257398,22.77943461767256,0.536,0.13666583706401597,0.3,0.9,0.0193274680289003,,,,,
BikeSharingLocalXAI,12,2,PermutationIQ,mean,1000,150.4829265812855,109.32094628763544,9.324299205258127,529.0208152222995,15.460316489143471,0.568,0.11856282240712245,0.3,0.8,0.016767315144138525,,,,,
BikeSharingLocalXAI,12,2,PermutationIQStratified,inverse_variance_weighting,13,,,,,,0.08200000000000002,0.08002550613806239,0.0,0.2,0.01131731561162192,,,,,
BikeSharingLocalXAI,12,2,PermutationIQStratified,inverse_variance_weighting,50,,,,,,0.14800000000000002,0.11109841197270617,0.0,0.4,0.01571168809699145,,,,,
BikeSharingLocalXAI,12,2,PermutationIQStratified,inverse_variance_weighting,100,1426.5317523473625,1734.6611331715878,72.23933855344674,9214.7654280448,250.37676804734943,0.524,0.14785541751926415,0.2,0.8,0.020909913672607982,,,,,
BikeSharingLocalXAI,12,2,PermutationIQStratified,inverse_variance_weighting,200,288.05738906833403,290.18280701966427,34.251399542487164,1662.5336514376022,41.03804612547039,0.616,0.1251285053740468,0.2,0.9,0.017695842933945168,,,,,
BikeSharingLocalXAI,12,2,PermutationIQStratified,inverse_variance_weighting,350,135.02315466977413,137.11569925466077,6.389194984747708,619.9916705345661,19.391088150021176,0.69,0.11649647450214351,0.5,0.9,0.01647508942095828,,,,,
BikeSharingLocalXAI,12,2,PermutationIQStratified,inverse_variance_weighting,500,94.02963899327922,166.01803190696063,8.057188319484558,1022.4333521459703,23.478495232131298,0.736,0.09205144967764009,0.6,0.9,0.013018040857022307,,,,,
BikeSharingLocalXAI,12,2,PermutationIQStratified,inverse_variance_weighting,750,60.721128966815506,76.17633520170949,3.395496352261051,396.43940064919695,10.772960637413656,0.7559999999999999,0.09293403409880342,0.5,0.9,0.013142857142857147,,,,,
BikeSharingLocalXAI,12,2,PermutationIQStratified,inverse_variance_weighting,1000,33.70024064324448,32.73082909516309,3.3609479941124643,148.59885282116406,4.628838241409554,0.792,0.09222864223753702,0.6,1.0,0.01304309966915809,,,,,
BikeSharingLocalXAI,12,2,PermutationIQStratified,inverse_variance_weighting_optimal,13,,,,,,0.08200000000000002,0.08002550613806239,0.0,0.2,0.01131731561162192,,,,,
BikeSharingLocalXAI,12,2,PermutationIQStratified,inverse_variance_weighting_optimal,50,,,,,,0.08200000000000002,0.08002550613806239,0.0,0.2,0.01131731561162192,,,,,
BikeSharingLocalXAI,12,2,PermutationIQStratified,inverse_variance_weighting_optimal,100,,,,,,0.08200000000000002,0.08002550613806239,0.0,0.2,0.01131731561162192,,,,,
BikeSharingLocalXAI,12,2,PermutationIQStratified,inverse_variance_weighting_optimal,200,,,,,,0.08200000000000002,0.08002550613806239,0.0,0.2,0.01131731561162192,,,,,
BikeSharingLocalXAI,12,2,PermutationIQStratified,inverse_variance_weighting_optimal,350,,,,,,0.08200000000000002,0.08002550613806239,0.0,0.2,0.01131731561162192,,,,,
BikeSharingLocalXAI,12,2,PermutationIQStratified,inverse_variance_weighting_optimal,500,,,,,,0.08200000000000002,0.08002550613806239,0.0,0.2,0.01131731561162192,,,,,
BikeSharingLocalXAI,12,2,PermutationIQStratified,inverse_variance_weighting_optimal,750,,,,,,0.08200000000000002,0.08002550613806239,0.0,0.2,0.01131731561162192,,,,,
BikeSharingLocalXAI,12,2,PermutationIQStratified,inverse_variance_weighting_optimal,1000,,,,,,0.08200000000000002,0.08002550613806239,0.0,0.2,0.01131731561162192,,,,,
BikeSharingLocalXAI,12,2,PermutationIQStratified,mean,13,,,,,,0.14,0.08081220356417686,0.0,0.3,0.011428571428571429,,,,,
BikeSharingLocalXAI,12,2,PermutationIQStratified,mean,50,2932.002424739501,1935.4924380538887,162.26841394758435,7929.533626468123,273.71996557663766,0.37800000000000006,0.12001700559776128,0.2,0.7,0.016972967703176165,,,,,
BikeSharingLocalXAI,12,2,PermutationIQStratified,mean,100,1778.2748711838806,1699.231690285268,76.68228758398625,10097.025150096992,240.3076502015584,0.41,0.1249489691752564,0.1,0.7,0.017670452681218543,,,,,
BikeSharingLocalXAI,12,2,PermutationIQStratified,mean,200,829.6732206271977,529.9154945920166,61.78348477917496,2232.5890878757755,74.94136793636761,0.424,0.1422271824531845,0.1,0.8,0.020113961036340614,,,,,
BikeSharingLocalXAI,12,2,PermutationIQStratified,mean,350,523.4086152007663,388.7885448443748,31.924179079091235,2208.4084452341026,54.98300330142151,0.488,0.11542291358128087,0.3,0.7,0.016323264979526513,,,,,
BikeSharingLocalXAI,12,2,PermutationIQStratified,mean,500,392.4360009743688,350.9936512768417,23.15495205060814,2005.1720640091878,49.637998194256205,0.502,0.12035661297043171,0.3,0.8,0.0170209954384074,,,,,
BikeSharingLocalXAI,12,2,PermutationIQStratified,mean,750,243.42558966890078,179.89692396312202,15.93352336870331,809.1347205138565,25.441266969784856,0.5319999999999999,0.1331563451169262,0.2,0.8,0.01883115091803895,,,,,
BikeSharingLocalXAI,12,2,PermutationIQStratified,mean,1000,166.26867947148912,110.76186762034226,10.641566730518004,500.7110602499238,15.664093538246139,0.562,0.12759950099064346,0.3,0.9,0.018045294485300716,,,,,
BikeSharingLocalXAI,12,2,PermutationSamplingSII,,13,406.6109450639794,421.1102886270661,21.259548118063726,2043.925895897096,59.553988143124535,0.07600000000000001,0.07439552323595162,0.0,0.2,0.010521115794012555,,,,,
BikeSharingLocalXAI,12,2,PermutationSamplingSII,,50,406.6109450639794,421.1102886270661,21.259548118063726,2043.925895897096,59.553988143124535,0.07600000000000001,0.07439552323595162,0.0,0.2,0.010521115794012555,,,,,
BikeSharingLocalXAI,12,2,PermutationSamplingSII,,100,406.6109450639794,421.1102886270661,21.259548118063726,2043.925895897096,59.553988143124535,0.07600000000000001,0.07439552323595162,0.0,0.2,0.010521115794012555,,,,,
BikeSharingLocalXAI,12,2,PermutationSamplingSII,,200,406.6109450639794,421.1102886270661,21.259548118063726,2043.925895897096,59.553988143124535,0.07600000000000001,0.07439552323595162,0.0,0.2,0.010521115794012555,,,,,
BikeSharingLocalXAI,12,2,PermutationSamplingSII,,350,340.53545893837077,347.8857838118264,7.210028744807978,2025.061403497657,49.198479362347925,0.196,0.10093440990088969,0.0,0.4,0.01427428113919634,,,,,
BikeSharingLocalXAI,12,2,PermutationSamplingSII,,500,361.7822312548814,428.31959040119733,19.866823401951883,2029.3447520507443,60.5735373775462,0.19,0.11823532398033464,0.0,0.4,0.016720999872456607,,,,,
BikeSharingLocalXAI,12,2,PermutationSamplingSII,,750,368.5353310533467,407.1198968653113,7.838907429377419,1932.3916575286196,57.5754479658859,0.304,0.11598733217248253,0.0,0.6,0.016403085822179798,,,,,
BikeSharingLocalXAI,12,2,PermutationSamplingSII,,1000,257.1166955711314,327.72698255959546,16.586624442766055,1975.272704450861,46.347594349139065,0.38799999999999996,0.12229105462304399,0.0,0.6,0.017294566800481775,,,,,
BikeSharingLocalXAI,12,2,SHAPIQ,,13,22982.604865354457,18725.05478884717,329.2305286966991,83451.69893644408,2648.1226438566937,0.182,0.1466496588778153,0.0,0.5,0.020739393650239434,,,,,
BikeSharingLocalXAI,12,2,SHAPIQ,,50,4767.082279629503,3430.0146489237,164.52938303309645,13420.736417489028,485.07732356462856,0.214,0.11430357003370008,0.0,0.5,0.016164965896932157,,,,,
BikeSharingLocalXAI,12,2,SHAPIQ,,100,1842.0766342830914,1322.6199063965976,99.7427568665636,5429.026660743091,187.04670094907013,0.254,0.1514689972993059,0.0,0.6,0.021420951025973214,,,,,
BikeSharingLocalXAI,12,2,SHAPIQ,,200,745.6037164902658,528.6565377426331,24.706625642071263,2236.3094226627177,74.76332455128357,0.276,0.1363668521575054,0.0,0.6,0.01928518517792709,,,,,
BikeSharingLocalXAI,12,2,SHAPIQ,,350,183.4038936527421,118.08455868492311,8.538601660269249,559.0261670924311,16.699678439905995,0.43799999999999994,0.15503784923004307,0.1,0.8,0.021925662906228195,,,,,
BikeSharingLocalXAI,12,2,SHAPIQ,,500,140.69940270035508,120.88307814591876,5.964189477602479,632.3951259481137,17.0954488575365,0.54,0.14142135623730948,0.2,0.8,0.02,,,,,
BikeSharingLocalXAI,12,2,SHAPIQ,,750,499.63712477998865,368.04177890319585,15.438012631733187,1460.819329255784,52.04896752448196,0.40399999999999997,0.17838275747186247,0.1,0.9,0.02522713149102184,,,,,
BikeSharingLocalXAI,12,2,SHAPIQ,,1000,188.35291362456672,128.12315810749953,5.802588933101639,515.7510043459856,18.11935078496982,0.544,0.18643814972657657,0.1,1.0,0.026366335988707038,,,,,
BikeSharingLocalXAI,12,2,SVARMIQ,,13,1863.8431331788422,1292.3549661009465,77.77661564253637,5030.80140578699,182.766592046018,0.13,0.11994896874104762,0.0,0.5,0.016963345838625597,,,,,
BikeSharingLocalXAI,12,2,SVARMIQ,,50,819.3801583543586,551.2605538206781,35.66162327315705,2927.648619984194,77.96001516145066,0.23199999999999998,0.12847615517666922,0.0,0.6,0.018169272109239593,,,,,
BikeSharingLocalXAI,12,2,SVARMIQ,,100,891.4946017745613,598.6091007713134,28.930333169734045,2471.8850351451642,84.65611088707543,0.292,0.1275195063109794,0.0,0.6,0.018033981529210857,,,,,
BikeSharingLocalXAI,12,2,SVARMIQ,,200,400.41934763115535,261.1563711278181,13.151903758912844,1111.247934964665,36.93308819491018,0.332,0.1463013384513384,0.1,0.7,0.02069013370312191,,,,,
BikeSharingLocalXAI,12,2,SVARMIQ,,350,125.13040801159922,115.10784634515356,7.309023173162096,551.7498527569297,16.278707743687445,0.58,0.12453996981544779,0.3,0.8,0.017612611437054216,,,,,
BikeSharingLocalXAI,12,2,SVARMIQ,,500,113.45613646998656,118.4804907575308,5.4490535291565685,583.5224714854762,16.75567169059202,0.66,0.14708043058552855,0.3,0.9,0.020800313969372913,,,,,
BikeSharingLocalXAI,12,2,SVARMIQ,,750,213.55030381528093,119.28228213529897,14.461462204327994,529.9148815521735,16.869062114655375,0.494,0.15440471601130132,0.1,0.8,0.02183612434775485,,,,,
BikeSharingLocalXAI,12,2,SVARMIQ,,1000,68.38350726519245,50.5455566387111,5.668268525951316,211.1792375970049,7.148221171616265,0.654,0.13881422029137375,0.3,0.9,0.019631295298630724,,,,,
BikeSharingLocalXAI,12,3,KernelSHAPIQ,,13,5.353729305910618e+33,3.785649023792439e+34,1.0172734312274745,2.6768582270491005e+35,5.353716191831734e+33,0.07600000000000001,0.09380831519646858,0.0,0.4,0.0132664991614216,,,,,
BikeSharingLocalXAI,12,3,KernelSHAPIQ,,50,3297539.4773727534,23307272.7050874,1.301123059161728,164808695.1045272,3296146.116146285,0.07400000000000001,0.08283250865328128,0.0,0.3,0.011714285714285715,,,,,
BikeSharingLocalXAI,12,3,KernelSHAPIQ,,100,74045.0672060433,218020.66753884422,56.562573740594615,1152492.3162688212,30832.778491106917,0.07600000000000001,0.09595917499283808,0.0,0.4,0.013570676670900476,,,,,
BikeSharingLocalXAI,12,3,KernelSHAPIQ,,200,350456.22580509126,1524675.256131266,104.89759991199584,9584735.752884552,215621.64254355084,0.062,0.08780776777502461,0.0,0.3,0.012417893606914702,,,,,
BikeSharingLocalXAI,12,3,KernelSHAPIQ,,350,10694.417837331986,37283.34698685054,20.075490240331707,247974.2860256806,5272.6614959466115,0.084,0.10372648491812198,0.0,0.4,0.014669140174849639,,,,,
BikeSharingLocalXAI,12,3,KernelSHAPIQ,,500,112.06113365364735,168.19537440318416,0.7077470916440154,1018.1421656461255,23.78641796094035,0.42200000000000004,0.17530148956839456,0.1,0.8,0.024791374405182927,,,,,
BikeSharingLocalXAI,12,3,KernelSHAPIQ,,750,15.54625616177736,14.864551703595435,0.2728647554463155,63.588696458709855,2.102165061782075,0.748,0.1249326349090026,0.5,0.9,0.01766814266713178,,,,,
BikeSharingLocalXAI,12,3,KernelSHAPIQ,,1000,6.6678244070217865,7.32327972582214,0.12001567194964338,33.08259498888119,1.0356681509309593,0.87,0.09948848769417229,0.6,1.0,0.01406979685970872,,,,,
BikeSharingLocalXAI,12,3,PermutationIQ,inverse_variance_weighting,13,,,,,,0.032,0.055106575777102595,0.0,0.2,0.007793246683991917,,,,,
BikeSharingLocalXAI,12,3,PermutationIQ,inverse_variance_weighting,50,485.46277956482913,473.0259063595424,64.61548830820571,2282.3985433013104,66.89596521274906,0.306,0.13000784905661092,0.1,0.6,0.018385886335081335,,,,,
BikeSharingLocalXAI,12,3,PermutationIQ,inverse_variance_weighting,100,299.5486858563391,283.8096810146978,28.90870327723036,1552.320422898828,40.13675000237676,0.35,0.14463183379511846,0.0,0.6,0.020454030090394787,,,,,
BikeSharingLocalXAI,12,3,PermutationIQ,inverse_variance_weighting,200,143.14278120021658,117.63643937585674,10.840665515717491,496.1874826432024,16.6363047994617,0.37799999999999995,0.1529172111614247,0.1,0.7,0.021625759394475724,,,,,
BikeSharingLocalXAI,12,3,PermutationIQ,inverse_variance_weighting,350,105.31872553826662,102.55782938535029,9.788083075009075,423.32068883523874,14.503867324430832,0.45799999999999996,0.17153568082448148,0.1,0.9,0.02425880862528841,,,,,
BikeSharingLocalXAI,12,3,PermutationIQ,inverse_variance_weighting,500,75.5021664867739,81.25459728080001,7.884083524414621,368.5286325375856,11.491135347967138,0.466,0.15466883648489713,0.0,0.7,0.021873476623340802,,,,,
BikeSharingLocalXAI,12,3,PermutationIQ,inverse_variance_weighting,750,60.366663173247,72.89982247000685,6.649187092234983,429.60165467234447,10.30959176316746,0.518,0.1466496588778153,0.1,0.8,0.020739393650239434,,,,,
BikeSharingLocalXAI,12,3,PermutationIQ,inverse_variance_weighting,1000,40.474353264114555,41.45231103657667,4.895679569585607,218.7650384010469,5.862242045963464,0.502,0.15712986959317232,0.1,0.8,0.02222151926325801,,,,,
BikeSharingLocalXAI,12,3,PermutationIQ,inverse_variance_weighting_optimal,13,,,,,,0.032,0.055106575777102595,0.0,0.2,0.007793246683991917,,,,,
BikeSharingLocalXAI,12,3,PermutationIQ,inverse_variance_weighting_optimal,50,,,,,,0.032,0.055106575777102595,0.0,0.2,0.007793246683991917,,,,,
BikeSharingLocalXAI,12,3,PermutationIQ,inverse_variance_weighting_optimal,100,,,,,,0.032,0.055106575777102595,0.0,0.2,0.007793246683991917,,,,,
BikeSharingLocalXAI,12,3,PermutationIQ,inverse_variance_weighting_optimal,200,,,,,,0.032,0.055106575777102595,0.0,0.2,0.007793246683991917,,,,,
BikeSharingLocalXAI,12,3,PermutationIQ,inverse_variance_weighting_optimal,350,,,,,,0.032,0.055106575777102595,0.0,0.2,0.007793246683991917,,,,,
BikeSharingLocalXAI,12,3,PermutationIQ,inverse_variance_weighting_optimal,500,,,,,,0.032,0.055106575777102595,0.0,0.2,0.007793246683991917,,,,,
BikeSharingLocalXAI,12,3,PermutationIQ,inverse_variance_weighting_optimal,750,,,,,,0.032,0.055106575777102595,0.0,0.2,0.007793246683991917,,,,,
BikeSharingLocalXAI,12,3,PermutationIQ,inverse_variance_weighting_optimal,1000,,,,,,0.032,0.055106575777102595,0.0,0.2,0.007793246683991917,,,,,
BikeSharingLocalXAI,12,3,PermutationIQ,mean,13,,,,,,0.04,0.07284313590846836,0.0,0.3,0.010301575072754256,,,,,
BikeSharingLocalXAI,12,3,PermutationIQ,mean,50,12001.140098747748,8919.9403964032,804.5165102453581,48704.31532526519,1261.4700684153047,0.114,0.11782034057437293,0.0,0.5,0.016662312356369523,,,,,
BikeSharingLocalXAI,12,3,PermutationIQ,mean,100,6099.995774094817,5111.665274171641,513.9349383356,26569.621967381012,722.8986357045119,0.11,0.10350983390135313,0.0,0.4,0.014638501094227997,,,,,
BikeSharingLocalXAI,12,3,PermutationIQ,mean,200,3135.201053839288,2084.42689320363,197.42412414973813,8765.323804661077,294.7824782143788,0.132,0.0957036241396813,0.0,0.4,0.01353453632265944,,,,,
BikeSharingLocalXAI,12,3,PermutationIQ,mean,350,1713.3842910396208,1230.9142201792238,136.86806242849227,5786.515877973083,174.077558429536,0.158,0.11444631572782704,0.0,0.5,0.016185153186592624,,,,,
BikeSharingLocalXAI,12,3,PermutationIQ,mean,500,1200.8805857420236,763.4611048976775,73.3915581095281,3588.316793875076,107.96970488906436,0.168,0.11328130058056578,0.0,0.5,0.016020395164429928,,,,,
BikeSharingLocalXAI,12,3,PermutationIQ,mean,750,753.9670322737863,476.74099419244044,59.28044615243178,2198.505706183233,67.42135797261821,0.17800000000000002,0.11301074538037774,0.0,0.4,0.01598213288108228,,,,,
BikeSharingLocalXAI,12,3,PermutationIQ,mean,1000,590.7184765430087,403.52074480385096,46.85226982657615,2120.0015458044336,57.06645100004986,0.17400000000000002,0.1258603048086672,0.0,0.5,0.01779933500248288,,,,,
BikeSharingLocalXAI,12,3,PermutationIQStratified,inverse_variance_weighting,13,,,,,,0.032,0.055106575777102595,0.0,0.2,0.007793246683991917,,,,,
BikeSharingLocalXAI,12,3,PermutationIQStratified,inverse_variance_weighting,50,306.19765748081437,,306.19765748081437,306.19765748081437,,0.042,0.06091144458665099,0.0,0.2,0.008614179103817905,,,,,
BikeSharingLocalXAI,12,3,PermutationIQStratified,inverse_variance_weighting,100,5101.2153817416765,7746.281645814348,72.71021275638839,38274.15527175326,1095.489656147243,0.23399999999999999,0.14085743262792566,0.0,0.6,0.019920249158346698,,,,,
BikeSharingLocalXAI,12,3,PermutationIQStratified,inverse_variance_weighting,200,388.6396301800723,301.8679155959007,30.05808556076446,1536.4967676529993,42.690570028101945,0.342,0.14010200365651954,0.1,0.7,0.019813415368669495,,,,,
BikeSharingLocalXAI,12,3,PermutationIQStratified,inverse_variance_weighting,350,232.82919945346995,392.4862803979004,16.532041467062836,2650.01533282844,55.50594207840802,0.428,0.16907913857729706,0.0,0.8,0.023911401089037342,,,,,
BikeSharingLocalXAI,12,3,PermutationIQStratified,inverse_variance_weighting,500,139.92606695011534,197.34501809190678,6.6783878842402435,878.490371908898,27.908800105233837,0.444,0.14868127807151646,0.1,0.7,0.021026707991970393,,,,,
BikeSharingLocalXAI,12,3,PermutationIQStratified,inverse_variance_weighting,750,80.69226901120913,95.28805662189382,6.414810356354449,522.1954685454795,13.475766200685763,0.47600000000000003,0.15851350293348795,0.1,0.8,0.022417194566780603,,,,,
BikeSharingLocalXAI,12,3,PermutationIQStratified,inverse_variance_weighting,1000,45.41343066948484,41.68775300963448,5.298841241606132,191.93137404112568,5.895538569108489,0.49,0.15551100755055172,0.1,0.8,0.021992577597629497,,,,,
BikeSharingLocalXAI,12,3,PermutationIQStratified,inverse_variance_weighting_optimal,13,,,,,,0.032,0.055106575777102595,0.0,0.2,0.007793246683991917,,,,,
BikeSharingLocalXAI,12,3,PermutationIQStratified,inverse_variance_weighting_optimal,50,,,,,,0.032,0.055106575777102595,0.0,0.2,0.007793246683991917,,,,,
BikeSharingLocalXAI,12,3,PermutationIQStratified,inverse_variance_weighting_optimal,100,,,,,,0.032,0.055106575777102595,0.0,0.2,0.007793246683991917,,,,,
BikeSharingLocalXAI,12,3,PermutationIQStratified,inverse_variance_weighting_optimal,200,,,,,,0.032,0.055106575777102595,0.0,0.2,0.007793246683991917,,,,,
BikeSharingLocalXAI,12,3,PermutationIQStratified,inverse_variance_weighting_optimal,350,,,,,,0.032,0.055106575777102595,0.0,0.2,0.007793246683991917,,,,,
BikeSharingLocalXAI,12,3,PermutationIQStratified,inverse_variance_weighting_optimal,500,,,,,,0.032,0.055106575777102595,0.0,0.2,0.007793246683991917,,,,,
BikeSharingLocalXAI,12,3,PermutationIQStratified,inverse_variance_weighting_optimal,750,,,,,,0.032,0.055106575777102595,0.0,0.2,0.007793246683991917,,,,,
BikeSharingLocalXAI,12,3,PermutationIQStratified,inverse_variance_weighting_optimal,1000,,,,,,0.032,0.055106575777102595,0.0,0.2,0.007793246683991917,,,,,
BikeSharingLocalXAI,12,3,PermutationIQStratified,mean,13,,,,,,0.04,0.07284313590846836,0.0,0.3,0.010301575072754256,,,,,
BikeSharingLocalXAI,12,3,PermutationIQStratified,mean,50,12572.606335017588,8821.550621986224,579.7071673456433,48731.3187462125,1247.5556530773727,0.11800000000000001,0.11551128578133456,0.0,0.5,0.01633576269591178,,,,,
BikeSharingLocalXAI,12,3,PermutationIQStratified,mean,100,7572.850455994165,8481.000289460955,583.7884736434625,49548.932941174426,1199.3945631845825,0.12,0.11428571428571428,0.0,0.4,0.01616244071283537,,,,,
BikeSharingLocalXAI,12,3,PermutationIQStratified,mean,200,3586.206228413854,2049.9900634461974,290.9665818783642,8209.381003524146,289.9123750455693,0.128,0.1050558646334299,0.0,0.3,0.014857142857142855,,,,,
BikeSharingLocalXAI,12,3,PermutationIQStratified,mean,350,2213.5662522134166,1648.1218013130629,164.62329846676678,8779.428841255336,233.07962038597086,0.15600000000000003,0.11277573917708886,0.0,0.4,0.015948897985088986,,,,,
BikeSharingLocalXAI,12,3,PermutationIQStratified,mean,500,1668.4325679763037,1344.3799702904862,89.00819156086338,8418.39789454744,190.1240386967544,0.154,0.11466010106183494,0.0,0.4,0.016215386998471668,,,,,
BikeSharingLocalXAI,12,3,PermutationIQStratified,mean,750,916.7974711544822,557.6197404180684,73.61643457706923,2677.184420371215,78.85933995461973,0.158,0.10515294982615968,0.0,0.3,0.01487087277676926,,,,,
BikeSharingLocalXAI,12,3,PermutationIQStratified,mean,1000,669.5381659678606,449.34628432351525,56.76860668944913,2219.3325325378446,63.547160949227205,0.17800000000000002,0.12001700559776128,0.0,0.4,0.016972967703176165,,,,,
BikeSharingLocalXAI,12,3,PermutationSamplingSII,,13,38.289815660038364,29.573011245171422,1.0180868104923402,116.23831068754247,4.182255358313347,0.002,0.014142135623730947,0.0,0.1,0.002,,,,,
BikeSharingLocalXAI,12,3,PermutationSamplingSII,,50,38.289815660038364,29.573011245171422,1.0180868104923402,116.23831068754247,4.182255358313347,0.002,0.014142135623730947,0.0,0.1,0.002,,,,,
BikeSharingLocalXAI,12,3,PermutationSamplingSII,,100,38.289815660038364,29.573011245171422,1.0180868104923402,116.23831068754247,4.182255358313347,0.002,0.014142135623730947,0.0,0.1,0.002,,,,,
BikeSharingLocalXAI,12,3,PermutationSamplingSII,,200,38.289815660038364,29.573011245171422,1.0180868104923402,116.23831068754247,4.182255358313347,0.002,0.014142135623730947,0.0,0.1,0.002,,,,,
BikeSharingLocalXAI,12,3,PermutationSamplingSII,,350,38.18536840800388,29.963017914161107,1.0180868104940335,116.05167995342416,4.237410630383464,0.036000000000000004,0.056279187438834886,0.0,0.2,0.007959079015533782,,,,,
BikeSharingLocalXAI,12,3,PermutationSamplingSII,,500,38.267213183150645,31.0555378894206,0.909485739957817,116.2383117938884,4.391916287001013,0.048,0.0677329690921697,0.0,0.3,0.009578888350994406,,,,,
BikeSharingLocalXAI,12,3,PermutationSamplingSII,,750,36.09093809635098,28.68947888352032,0.8025342228378431,112.16237446670218,4.0573050134490956,0.1,0.08806305718527109,0.0,0.3,0.012453996981544783,,,,,
BikeSharingLocalXAI,12,3,PermutationSamplingSII,,1000,34.11166967372835,28.40307237215606,0.9799144824801499,115.52944236075056,4.016801016176767,0.136,0.11738650619528081,0.0,0.5,0.016600958910095942,,,,,
BikeSharingLocalXAI,12,3,SHAPIQ,,13,118195.5232043748,92544.09685079525,2097.646833994541,389940.9662828201,13087.71168839639,0.052000000000000005,0.08861749953869041,0.0,0.3,0.012532406971120747,,,,,
BikeSharingLocalXAI,12,3,SHAPIQ,,50,23612.098375965357,16704.988752088608,1000.9355869954976,60171.55546230985,2362.442165249371,0.062,0.0666700679404459,0.0,0.2,0.009428571428571429,,,,,
BikeSharingLocalXAI,12,3,SHAPIQ,,100,9657.894626557929,6919.821185433733,453.9458446263528,27894.47908051403,978.6104969637053,0.054000000000000006,0.09082389328715619,0.0,0.4,0.012844438167422298,,,,,
BikeSharingLocalXAI,12,3,SHAPIQ,,200,3510.5266547283577,2402.930592791084,166.92827682675542,9779.157793486464,339.8257033766372,0.07200000000000001,0.1050558646334299,0.0,0.4,0.014857142857142857,,,,,
BikeSharingLocalXAI,12,3,SHAPIQ,,350,971.9444174736126,648.3476982390732,39.83572545083303,2773.9448476411276,91.69021079830762,0.062,0.08053393251117374,0.0,0.4,0.011389217958854144,,,,,
BikeSharingLocalXAI,12,3,SHAPIQ,,500,379.23904381844267,250.09350792635558,13.342429696759039,966.4777035256036,35.36856307709152,0.106,0.1235693641446052,0.0,0.5,0.01747534706671203,,,,,
BikeSharingLocalXAI,12,3,SHAPIQ,,750,2882.153058530752,2071.5603709142124,90.33982249407084,8824.93800362178,292.96287718215183,0.10600000000000001,0.11141025490482995,0.0,0.5,0.015755789347385415,,,,,
BikeSharingLocalXAI,12,3,SHAPIQ,,1000,1090.1376682182724,777.4447330562157,43.20347666216694,3546.3556981572488,109.94728854836308,0.134,0.12224097980160804,0.0,0.5,0.017287485151320968,,,,,
BikeSharingLocalXAI,12,3,SVARMIQ,,13,1582.8112999652467,1099.7047232172577,64.43596975381892,4277.089649474497,155.5217334179596,0.06,0.09035079029052513,0.0,0.3,0.012777531299998798,,,,,
BikeSharingLocalXAI,12,3,SVARMIQ,,50,1623.2845360397707,942.8558318927592,72.59367022295615,3966.7047151823604,133.33995048253072,0.04800000000000001,0.0646497628513415,0.0,0.2,0.009142857142857144,,,,,
BikeSharingLocalXAI,12,3,SVARMIQ,,100,1998.7307928099028,1304.720673318687,104.24375924363753,5597.388457350825,184.51536713158436,0.04800000000000001,0.06464976285134151,0.0,0.2,0.009142857142857142,,,,,
BikeSharingLocalXAI,12,3,SVARMIQ,,200,705.5480796014443,410.24260137607126,39.760452521886606,1505.266757499738,58.01706507292594,0.08800000000000001,0.10230007879981803,0.0,0.4,0.0144674158870539,,,,,
BikeSharingLocalXAI,12,3,SVARMIQ,,350,276.1927214007206,142.09573374613362,17.25858276014643,624.8949048051284,20.095371381913843,0.098,0.09791708278967882,0.0,0.4,0.013847566646917296,,,,,
BikeSharingLocalXAI,12,3,SVARMIQ,,500,122.0523507466646,66.43482599707829,5.692595749600626,286.5985995619611,9.395303193896478,0.15200000000000002,0.12328828005937952,0.0,0.6,0.01743559577416269,,,,,
BikeSharingLocalXAI,12,3,SVARMIQ,,750,1172.2867062881028,651.2803010083803,75.13979752078305,3097.6945334929164,92.10494345924833,0.096,0.08797031039051802,0.0,0.4,0.012440880604044137,,,,,
BikeSharingLocalXAI,12,3,SVARMIQ,,1000,389.30963084050484,224.67664097928392,29.366277512036106,1009.9879801317093,31.774075282133406,0.17,0.14463183379511846,0.0,0.5,0.020454030090394787,,,,,
BikeSharingLocalXAI,12,4,KernelSHAPIQ,,13,239919381950289.62,1696486217255663.5,0.032677048402807066,1.1995969084378032e+16,239919381682198.8,0.012000000000000002,0.038544964466377264,0.0,0.2,0.005451081150953975,0.07843613147735595,0.019849879144509076,0.06747555732727051,0.21496915817260742,0.0028071968297631584
BikeSharingLocalXAI,12,4,KernelSHAPIQ,,50,11.080542252715311,17.93020208290094,0.044898795419636914,104.06190641340517,2.535713496172883,0.022000000000000002,0.058169351632863804,0.0,0.3,0.008226388599364554,0.2412921380996704,0.004529462915119311,0.23061037063598633,0.25139641761779785,0.0006405627884827701
BikeSharingLocalXAI,12,4,KernelSHAPIQ,,100,20.286264574930374,32.429730612857476,0.1840931677083009,142.75247044891728,4.586256485680899,0.04,0.06998542122237653,0.0,0.3,0.009897433186107871,0.46188400268554686,0.006820642786757754,0.4418528079986572,0.47783994674682617,0.0009645845533135024
BikeSharingLocalXAI,12,4,KernelSHAPIQ,,200,16.056100908550683,20.860798608383796,0.10134733185465498,93.20687965928481,2.950162431391015,0.05600000000000001,0.08843307166024092,0.0,0.3,0.01250632493042245,0.8736155271530152,0.008622808650259125,0.8551621437072754,0.8914775848388672,0.0012194492938944496
BikeSharingLocalXAI,12,4,KernelSHAPIQ,,350,9.301298261066469,12.523230320706816,0.09436049860933898,66.46147991168657,1.7710522164265543,0.196,0.13395095051121192,0.0,0.5,0.018943525090572316,1.4826512098312379,0.007173945191801246,1.4678869247436523,1.4977655410766602,0.0010145490585966514
BikeSharingLocalXAI,12,4,KernelSHAPIQ,,500,6.837076710252749,8.748853080012658,0.07957669136939075,42.49893110828848,1.237274668096353,0.31,0.14463183379511846,0.1,0.7,0.020454030090394787,2.022344961166382,0.010464142029619957,2.005220890045166,2.051983594894409,0.0014798531576886971
BikeSharingLocalXAI,12,4,KernelSHAPIQ,,750,3905006.572555516,27407387.65925196,98.43839702828457,193826347.75951728,3875989.9336931123,0.026000000000000002,0.044308749769345214,0.0,0.1,0.006266203485560374,2.354882364273071,0.010185103044836765,2.3316690921783447,2.379438638687134,0.0014403910860175772
BikeSharingLocalXAI,12,4,KernelSHAPIQ,,1000,62.285917756742634,66.06517713288159,0.9486036393976098,296.20539192888083,9.343026950190202,0.15600000000000003,0.09510466844053278,0.0,0.5,0.013449831195359793,2.386443548202515,0.013045015818988516,2.3598008155822754,2.4129555225372314,0.0018448438292584933
BikeSharingLocalXAI,12,4,PermutationIQ,inverse_variance_weighting,13,,,,,,0.054000000000000006,0.061312182096785524,0.0,0.2,0.008670851945996295,0.008072052001953125,0.012289319834161847,0.006047248840332031,0.09322381019592285,0.0017379722781812358
BikeSharingLocalXAI,12,4,PermutationIQ,inverse_variance_weighting,50,499.1053725694983,490.50273449072097,11.916488298373533,2103.9715474608747,69.36756194978669,0.20199999999999999,0.13013336957733407,0.0,0.4,0.018403637617357617,0.02295290470123291,0.0002282908664392296,0.022523164749145508,0.023599624633789062,3.2285203948426385e-05
BikeSharingLocalXAI,12,4,PermutationIQ,inverse_variance_weighting,100,324.6859187852478,288.0072624849803,21.780208489502584,1421.1332752756114,40.7303776668207,0.188,0.1189065831239132,0.0,0.4,0.016815930250928184,0.04519196510314941,0.020807735834212623,0.039566993713378906,0.1277482509613037,0.0029426582219020136
BikeSharingLocalXAI,12,4,PermutationIQ,inverse_variance_weighting,200,191.23077361534698,172.63815873492823,14.122038909003788,849.065080437579,24.414722546605468,0.212,0.13797367391599583,0.0,0.6,0.019512424090244427,0.0740149450302124,0.00035661019211493663,0.0735480785369873,0.07528305053710938,5.043229701694198e-05
BikeSharingLocalXAI,12,4,PermutationIQ,inverse_variance_weighting,350,128.32006802348593,117.33402729532516,14.846998593635034,539.3143090454631,16.593537272890376,0.21600000000000003,0.12674898864467907,0.0,0.5,0.01792501387583785,0.12939141750335692,0.0003821919481189209,0.12856769561767578,0.1301100254058838,5.405010364595909e-05
BikeSharingLocalXAI,12,4,PermutationIQ,inverse_variance_weighting,500,100.06235589670534,89.35233067123511,6.318576808249262,423.46841877696005,12.636327786490614,0.22,0.13248026422136722,0.0,0.5,0.01873553864086286,0.1803676176071167,0.0005374375612128365,0.17934870719909668,0.18179559707641602,7.600514879959087e-05
BikeSharingLocalXAI,12,4,PermutationIQ,inverse_variance_weighting,750,73.83788169368214,63.82188011494288,8.396953664134575,253.32033387250496,9.025776843470195,0.28600000000000003,0.15119928733230167,0.0,0.7,0.021382808276648752,0.2698703670501709,0.000756037326171778,0.26805758476257324,0.2711939811706543,0.00010691982403324157
BikeSharingLocalXAI,12,4,PermutationIQ,inverse_variance_weighting,1000,58.823474177272786,54.701702283935695,3.660202087082334,228.44539316715532,7.735988925483717,0.284,0.14478696524937057,0.0,0.7,0.02047596899105019,0.3662432765960693,0.023813465666106627,0.35727763175964355,0.44669342041015625,0.003367732611211404
BikeSharingLocalXAI,12,4,PermutationIQ,inverse_variance_weighting_optimal,13,,,,,,0.054000000000000006,0.061312182096785524,0.0,0.2,0.008670851945996295,0.008072052001953125,0.012289319834161847,0.006047248840332031,0.09322381019592285,0.0017379722781812358
BikeSharingLocalXAI,12,4,PermutationIQ,inverse_variance_weighting_optimal,50,,,,,,0.054000000000000006,0.061312182096785524,0.0,0.2,0.008670851945996295,0.02295290470123291,0.0002282908664392296,0.022523164749145508,0.023599624633789062,3.2285203948426385e-05
BikeSharingLocalXAI,12,4,PermutationIQ,inverse_variance_weighting_optimal,100,,,,,,0.054000000000000006,0.061312182096785524,0.0,0.2,0.008670851945996295,0.04519196510314941,0.020807735834212623,0.039566993713378906,0.1277482509613037,0.0029426582219020136
BikeSharingLocalXAI,12,4,PermutationIQ,inverse_variance_weighting_optimal,200,,,,,,0.054000000000000006,0.061312182096785524,0.0,0.2,0.008670851945996295,0.0740149450302124,0.00035661019211493663,0.0735480785369873,0.07528305053710938,5.043229701694198e-05
BikeSharingLocalXAI,12,4,PermutationIQ,inverse_variance_weighting_optimal,350,,,,,,0.054000000000000006,0.061312182096785524,0.0,0.2,0.008670851945996295,0.12939141750335692,0.0003821919481189209,0.12856769561767578,0.1301100254058838,5.405010364595909e-05
BikeSharingLocalXAI,12,4,PermutationIQ,inverse_variance_weighting_optimal,500,,,,,,0.054000000000000006,0.061312182096785524,0.0,0.2,0.008670851945996295,0.1803676176071167,0.0005374375612128365,0.17934870719909668,0.18179559707641602,7.600514879959087e-05
BikeSharingLocalXAI,12,4,PermutationIQ,inverse_variance_weighting_optimal,750,,,,,,0.054000000000000006,0.061312182096785524,0.0,0.2,0.008670851945996295,0.2698703670501709,0.000756037326171778,0.26805758476257324,0.2711939811706543,0.00010691982403324157
BikeSharingLocalXAI,12,4,PermutationIQ,inverse_variance_weighting_optimal,1000,,,,,,0.054000000000000006,0.061312182096785524,0.0,0.2,0.008670851945996295,0.3662432765960693,0.023813465666106627,0.35727763175964355,0.44669342041015625,0.003367732611211404
BikeSharingLocalXAI,12,4,PermutationIQ,mean,13,,,,,,0.026000000000000002,0.048697315854455185,0.0,0.2,0.0068868404532536846,0.008072052001953125,0.012289319834161847,0.006047248840332031,0.09322381019592285,0.0017379722781812358
BikeSharingLocalXAI,12,4,PermutationIQ,mean,50,48685.76669134789,37423.060971030325,4252.197318371793,176823.322020789,5292.420037074633,0.05,0.09313146293146642,0.0,0.4,0.013170777796132696,0.02295290470123291,0.0002282908664392296,0.022523164749145508,0.023599624633789062,3.2285203948426385e-05
BikeSharingLocalXAI,12,4,PermutationIQ,mean,100,22302.176533923903,19759.01425957201,1500.5007909103804,121245.32241605603,2794.346594501012,0.032,0.0551065757771026,0.0,0.2,0.007793246683991917,0.04519196510314941,0.020807735834212623,0.039566993713378906,0.1277482509613037,0.0029426582219020136
BikeSharingLocalXAI,12,4,PermutationIQ,mean,200,11323.055056717807,7278.8083822509,817.7239888111703,31941.90584455726,1029.3789532094188,0.04800000000000001,0.06141195788629908,0.0,0.2,0.008684962373468951,0.0740149450302124,0.00035661019211493663,0.0735480785369873,0.07528305053710938,5.043229701694198e-05
BikeSharingLocalXAI,12,4,PermutationIQ,mean,350,6054.014456429179,4360.49130454691,425.31766022966156,22806.86034774051,616.6665941500191,0.042,0.05746338674605362,0.0,0.2,0.008126550087615939,0.12939141750335692,0.0003821919481189209,0.12856769561767578,0.1301100254058838,5.405010364595909e-05
BikeSharingLocalXAI,12,4,PermutationIQ,mean,500,4426.787797926258,2860.3046697600757,355.2372665834507,12926.343720764986,404.5081656493795,0.042,0.06727949622466638,0.0,0.2,0.009514757603055266,0.1803676176071167,0.0005374375612128365,0.17934870719909668,0.18179559707641602,7.600514879959087e-05
BikeSharingLocalXAI,12,4,PermutationIQ,mean,750,2749.070985699984,1750.2540497151124,190.59612500228445,8661.034568906558,247.5233014705545,0.05600000000000001,0.08121525944886798,0.0,0.3,0.011485572138423873,0.2698703670501709,0.000756037326171778,0.26805758476257324,0.2711939811706543,0.00010691982403324157
BikeSharingLocalXAI,12,4,PermutationIQ,mean,1000,2089.6465051705377,1342.4053013315734,151.25381658881787,6411.132110876244,189.84477833446527,0.04800000000000001,0.07351245903010634,0.0,0.2,0.010396231656377286,0.3662432765960693,0.023813465666106627,0.35727763175964355,0.44669342041015625,0.003367732611211404
BikeSharingLocalXAI,12,4,PermutationIQStratified,inverse_variance_weighting,13,,,,,,0.054000000000000006,0.061312182096785524,0.0,0.2,0.008670851945996295,0.06314151763916015,0.04563041004769078,0.022609949111938477,0.12818479537963867,0.006453114474608984
BikeSharingLocalXAI,12,4,PermutationIQStratified,inverse_variance_weighting,50,2836.945730701499,2288.2044133665117,1218.9408732690526,4454.9505881339455,1618.0048574324462,0.028000000000000004,0.060743690358483704,0.0,0.3,0.008590455073355947,0.08755655765533447,0.045556000925482724,0.043303728103637695,0.14978361129760742,0.006442591435629893
BikeSharingLocalXAI,12,4,PermutationIQStratified,inverse_variance_weighting,100,23014.77718282443,47235.18045723271,115.28236872154635,246085.88207306984,6680.063282375907,0.126,0.1454198706350346,0.0,0.6,0.02056547532906069,0.10032519817352295,0.045325108572451436,0.06182098388671875,0.16188764572143555,0.006409938325919384
BikeSharingLocalXAI,12,4,PermutationIQStratified,inverse_variance_weighting,200,761.5317115995382,818.9773533114444,19.370405666383846,3907.8862124128195,115.82088803294667,0.174,0.13218725123004527,0.0,0.5,0.01869410034623496,0.13343528747558595,0.04334085592803079,0.10093498229980469,0.19971108436584473,0.00612932262582795
BikeSharingLocalXAI,12,4,PermutationIQStratified,inverse_variance_weighting,350,324.02186993795107,360.48303652970213,24.98902333638109,1445.8659999823296,50.97999992657407,0.23,0.15811388300841894,0.0,0.6,0.022360679774997897,0.2035980463027954,0.04519007785638706,0.16296815872192383,0.27524900436401367,0.006390842098919865
BikeSharingLocalXAI,12,4,PermutationIQStratified,inverse_variance_weighting,500,181.8132347011819,228.04196771810794,9.847965976717791,1352.0514538849034,32.250004353719575,0.21,0.12975644374703538,0.0,0.5,0.018350332255235895,0.2635569906234741,0.045508314976515474,0.21846532821655273,0.3265676498413086,0.006435847624053483
BikeSharingLocalXAI,12,4,PermutationIQStratified,inverse_variance_weighting,750,103.46480550438909,93.3962187485003,7.655523907302101,431.01738107835405,13.208219922849343,0.268,0.15444436287702376,0.0,0.7,0.021841731261275876,0.35342576980590823,0.044543161217681905,0.31372857093811035,0.43940258026123047,0.006299354270501702
BikeSharingLocalXAI,12,4,PermutationIQStratified,inverse_variance_weighting,1000,69.0329409946171,68.85482566713962,4.73293084618945,323.89700332153,9.737542829330394,0.268,0.14489968380692533,0.0,0.6,0.020491909802332696,0.4593775177001953,0.04473013706412217,0.408219575881958,0.5141196250915527,0.0063257966482889024
BikeSharingLocalXAI,12,4,PermutationIQStratified,inverse_variance_weighting_optimal,13,,,,,,0.054000000000000006,0.061312182096785524,0.0,0.2,0.008670851945996295,0.06314151763916015,0.04563041004769078,0.022609949111938477,0.12818479537963867,0.006453114474608984
BikeSharingLocalXAI,12,4,PermutationIQStratified,inverse_variance_weighting_optimal,50,,,,,,0.054000000000000006,0.061312182096785524,0.0,0.2,0.008670851945996295,0.08755655765533447,0.045556000925482724,0.043303728103637695,0.14978361129760742,0.006442591435629893
BikeSharingLocalXAI,12,4,PermutationIQStratified,inverse_variance_weighting_optimal,100,,,,,,0.054000000000000006,0.061312182096785524,0.0,0.2,0.008670851945996295,0.10032519817352295,0.045325108572451436,0.06182098388671875,0.16188764572143555,0.006409938325919384
BikeSharingLocalXAI,12,4,PermutationIQStratified,inverse_variance_weighting_optimal,200,,,,,,0.054000000000000006,0.061312182096785524,0.0,0.2,0.008670851945996295,0.13343528747558595,0.04334085592803079,0.10093498229980469,0.19971108436584473,0.00612932262582795
BikeSharingLocalXAI,12,4,PermutationIQStratified,inverse_variance_weighting_optimal,350,,,,,,0.054000000000000006,0.061312182096785524,0.0,0.2,0.008670851945996295,0.2035980463027954,0.04519007785638706,0.16296815872192383,0.27524900436401367,0.006390842098919865
BikeSharingLocalXAI,12,4,PermutationIQStratified,inverse_variance_weighting_optimal,500,,,,,,0.054000000000000006,0.061312182096785524,0.0,0.2,0.008670851945996295,0.2635569906234741,0.045508314976515474,0.21846532821655273,0.3265676498413086,0.006435847624053483
BikeSharingLocalXAI,12,4,PermutationIQStratified,inverse_variance_weighting_optimal,750,,,,,,0.054000000000000006,0.061312182096785524,0.0,0.2,0.008670851945996295,0.35342576980590823,0.044543161217681905,0.31372857093811035,0.43940258026123047,0.006299354270501702
BikeSharingLocalXAI,12,4,PermutationIQStratified,inverse_variance_weighting_optimal,1000,,,,,,0.054000000000000006,0.061312182096785524,0.0,0.2,0.008670851945996295,0.4593775177001953,0.04473013706412217,0.408219575881958,0.5141196250915527,0.0063257966482889024
BikeSharingLocalXAI,12,4,PermutationIQStratified,mean,13,,,,,,0.026000000000000002,0.048697315854455185,0.0,0.2,0.0068868404532536846,0.06314151763916015,0.04563041004769078,0.022609949111938477,0.12818479537963867,0.006453114474608984
BikeSharingLocalXAI,12,4,PermutationIQStratified,mean,50,48531.10774200726,34660.02441102096,3126.901843508999,176716.28531289348,4901.667659424839,0.05600000000000001,0.10333223611442928,0.0,0.4,0.014613384974336483,0.08755655765533447,0.045556000925482724,0.043303728103637695,0.14978361129760742,0.006442591435629893
BikeSharingLocalXAI,12,4,PermutationIQStratified,mean,100,26758.961567245504,25139.609717652183,1821.5494111415392,134559.41540050038,3555.277701547018,0.024000000000000004,0.05174505793221381,0.0,0.2,0.007317856271351826,0.10032519817352295,0.045325108572451436,0.06182098388671875,0.16188764572143555,0.006409938325919384
BikeSharingLocalXAI,12,4,PermutationIQStratified,mean,200,13678.700419373994,8593.954522958542,1023.0726673079306,37909.1599650369,1215.3687040785571,0.036000000000000004,0.05627918743883488,0.0,0.2,0.007959079015533782,0.13343528747558595,0.04334085592803079,0.10093498229980469,0.19971108436584473,0.00612932262582795
BikeSharingLocalXAI,12,4,PermutationIQStratified,mean,350,7750.306230310747,5886.518237882095,535.9382635230297,28766.994094293925,832.4793927169433,0.05,0.0614451804788759,0.0,0.2,0.008689660757568886,0.2035980463027954,0.04519007785638706,0.16296815872192383,0.27524900436401367,0.006390842098919865
BikeSharingLocalXAI,12,4,PermutationIQStratified,mean,500,6264.209134931611,4901.301650890441,423.62262861016654,25306.946584487934,693.1487267970903,0.028000000000000004,0.04965184913423648,0.0,0.2,0.0070218318442540045,0.2635569906234741,0.045508314976515474,0.21846532821655273,0.3265676498413086,0.006435847624053483
BikeSharingLocalXAI,12,4,PermutationIQStratified,mean,750,3457.998926411641,2060.4196469905846,239.2116083820169,8985.859315895872,291.38734089540696,0.052000000000000005,0.0762380803664362,0.0,0.3,0.010781692722350406,0.35342576980590823,0.044543161217681905,0.31372857093811035,0.43940258026123047,0.006299354270501702
BikeSharingLocalXAI,12,4,PermutationIQStratified,mean,1000,2464.2719144415255,1608.943955219763,195.0418675927921,7152.29949193614,227.53903625699985,0.038000000000000006,0.056748640188689164,0.0,0.2,0.008025469660107507,0.4593775177001953,0.04473013706412217,0.408219575881958,0.5141196250915527,0.0063257966482889024
BikeSharingLocalXAI,12,4,PermutationSamplingSII,,13,6.045980412076152,9.47599189190689,0.032677048402807,47.73742985594067,1.3401076250472206,0.022000000000000002,0.041845195759648034,0.0,0.1,0.005917804336345136,0.00013043403625488282,1.1284318652205761e-05,0.0001239776611328125,0.0002002716064453125,1.5958436480089065e-06
BikeSharingLocalXAI,12,4,PermutationSamplingSII,,50,6.045980412076152,9.47599189190689,0.032677048402807,47.73742985594067,1.3401076250472206,0.022000000000000002,0.041845195759648034,0.0,0.1,0.005917804336345136,9.693622589111328e-05,6.050019031360877e-06,9.107589721679688e-05,0.00012755393981933594,8.556018966765883e-07
BikeSharingLocalXAI,12,4,PermutationSamplingSII,,100,6.045980412076152,9.47599189190689,0.032677048402807,47.73742985594067,1.3401076250472206,0.022000000000000002,0.041845195759648034,0.0,0.1,0.005917804336345136,9.3994140625e-05,2.224373347441552e-06,8.821487426757812e-05,0.00010037422180175781,3.1457389557330905e-07
BikeSharingLocalXAI,12,4,PermutationSamplingSII,,200,6.045980412076152,9.47599189190689,0.032677048402807,47.73742985594067,1.3401076250472206,0.022000000000000002,0.041845195759648034,0.0,0.1,0.005917804336345136,9.389877319335937e-05,2.6598760730483724e-06,8.797645568847656e-05,0.00010204315185546875,3.761632816736702e-07
BikeSharingLocalXAI,12,4,PermutationSamplingSII,,350,6.016351994428685,9.479513529122908,0.032677048402807,47.73742985594067,1.3406056597584857,0.044000000000000004,0.06439672954048369,0.0,0.2,0.009107072828862415,0.0027892398834228516,3.466262848037926e-05,0.002708911895751953,0.0028450489044189453,4.9020359304452254e-06
BikeSharingLocalXAI,12,4,PermutationSamplingSII,,500,5.115567811651558,7.275378548721021,0.032677048402807,47.67217634906272,1.0288939014999554,0.05800000000000001,0.0835195198985341,0.0,0.3,0.01181144377633965,0.002797384262084961,3.6581929383411485e-05,0.0026907920837402344,0.0028579235076904297,5.173466067179536e-06
BikeSharingLocalXAI,12,4,PermutationSamplingSII,,750,5.970722189984249,9.481555983826686,0.032677048402807,47.86875187772426,1.3408945064727473,0.07200000000000001,0.07295511619887832,0.0,0.3,0.01031741147729588,0.005309834480285645,7.011348671421202e-05,0.005147695541381836,0.00543975830078125,9.915544381650436e-06
BikeSharingLocalXAI,12,4,PermutationSamplingSII,,1000,5.01029422935266,7.321086050188198,0.032677048402807,47.66955372799936,1.0353579183476622,0.064,0.08020382198638971,0.0,0.3,0.011342533280730975,0.0078074073791503905,8.854462169363619e-05,0.007639646530151367,0.008028507232666016,1.2522100487433515e-05
BikeSharingLocalXAI,12,4,SHAPIQ,,13,397021.1023622729,322062.62420480925,8467.77408659677,1506895.6326001652,45546.533108391064,0.022000000000000002,0.0464670170494017,0.0,0.2,0.006571428571428572,0.03657708168029785,0.00039253522559464275,0.036208152770996094,0.03902602195739746,5.5512863974512504e-05
BikeSharingLocalXAI,12,4,SHAPIQ,,50,79768.9544843857,58687.9186631473,2564.292327908017,257487.57723268584,8299.725052087198,0.026000000000000002,0.05272183453498839,0.0,0.2,0.007455993343257079,0.044240169525146485,0.0002605619707970399,0.0437014102935791,0.04491591453552246,3.6849027293983614e-05
BikeSharingLocalXAI,12,4,SHAPIQ,,100,33314.24168585277,22463.087972193018,1799.549297956353,91327.49916232766,3176.760366305531,0.026000000000000002,0.05646020812962717,0.0,0.2,0.007984679207132642,0.051895523071289064,0.00023673701409890056,0.05128288269042969,0.05249762535095215,3.347966960543763e-05
BikeSharingLocalXAI,12,4,SHAPIQ,,200,12660.807084606211,8633.681534158879,467.2806868781762,36741.067819179465,1220.9869518817636,0.022000000000000002,0.054548237405819384,0.0,0.3,0.007714285714285714,0.07176352977752685,0.00041569634794594746,0.07088637351989746,0.0727534294128418,5.878834130941262e-05
BikeSharingLocalXAI,12,4,SHAPIQ,,350,4187.620667957613,2857.575466326498,141.82474389028343,11495.766692857038,404.1221979983555,0.04,0.06388765649999399,0.0,0.2,0.009035079029052512,0.09085256099700928,0.00047753008254636085,0.08994507789611816,0.09270501136779785,6.753295191782075e-05
BikeSharingLocalXAI,12,4,SHAPIQ,,500,1581.7384609521087,1065.530073490364,66.81895950538234,4102.544219734055,150.68870810464733,0.022000000000000002,0.058169351632863804,0.0,0.3,0.008226388599364554,0.12727257251739502,0.0014830910429705706,0.12300753593444824,0.13055086135864258,0.0002097407467203037
BikeSharingLocalXAI,12,4,SHAPIQ,,750,21520.20749001646,14673.402666530526,643.1749313067887,62179.4664801907,2075.1325057169006,0.016,0.04218520874352401,0.0,0.2,0.0059658894336631725,0.13717437744140626,0.00042736824506569177,0.13602662086486816,0.13806605339050293,6.043899682994932e-05
BikeSharingLocalXAI,12,4,SHAPIQ,,1000,8069.286806315507,5492.134262586942,280.7381798868044,23673.630311198736,776.7050760524412,0.024000000000000004,0.04763809143009448,0.0,0.2,0.006737043498600912,0.17915266513824463,0.000615365827993687,0.17724084854125977,0.18056488037109375,8.702586997696302e-05
BikeSharingLocalXAI,12,4,SVARMIQ,,13,1885.595412572421,1320.1884828773204,86.69038492268967,5348.146256205922,186.7028457373867,0.012000000000000002,0.032826072265931594,0.0,0.1,0.004642307659791977,2.590742058753967,0.24588317036495472,2.183087110519409,2.8682448863983154,0.03477313142894133
BikeSharingLocalXAI,12,4,SVARMIQ,,50,3678.7299511765673,2913.320936134061,84.06637127779426,13539.398490127123,412.00579794262705,0.026000000000000002,0.05272183453498839,0.0,0.2,0.007455993343257079,3.2739805507659914,0.013441228984888169,3.2536370754241943,3.3120408058166504,0.001900876832539134
BikeSharingLocalXAI,12,4,SVARMIQ,,100,6532.216577136262,5367.337262058174,180.54024845158148,21721.690028608537,759.0561149833144,0.034,0.06262945776223706,0.0,0.2,0.008857142857142857,3.664136281013489,0.015559836025187391,3.637819766998291,3.703944444656372,0.0022004931135121424
BikeSharingLocalXAI,12,4,SVARMIQ,,200,1723.5559842845253,992.1299275839207,101.93141925471058,4203.572907124312,140.30835992254168,0.032,0.05510657577710261,0.0,0.2,0.007793246683991917,4.52898684501648,0.015605648980246184,4.498859405517578,4.564198732376099,0.0022069720437497917
BikeSharingLocalXAI,12,4,SVARMIQ,,350,3395.9168043124128,3024.888411872592,66.17051864008175,12648.236103811085,427.7838216735433,0.01,0.030304576336566323,0.0,0.1,0.004285714285714286,5.668032035827637,0.01826619890958866,5.633976459503174,5.7065136432647705,0.002583230623094504
BikeSharingLocalXAI,12,4,SVARMIQ,,500,843.9528671949712,661.126257493873,22.785047335565107,2809.0710180143883,93.49737197888022,0.022000000000000002,0.05066899385990914,0.0,0.2,0.007165677830848259,6.832103638648987,0.020555071720007614,6.782621622085571,6.889026880264282,0.002906926120198646
BikeSharingLocalXAI,12,4,SVARMIQ,,750,4504.126330927609,2440.707728949834,237.690922477562,11626.388120950642,345.16819720696907,0.028000000000000004,0.04965184913423648,0.0,0.2,0.0070218318442540045,13.800710883140564,0.05093450999413704,13.583683013916016,13.904199838638306,0.0072032274826537
BikeSharingLocalXAI,12,4,SVARMIQ,,1000,2044.233268314093,1113.8880677000736,118.85608927301276,5555.528013414784,157.52756123070043,0.018000000000000002,0.043752550946038735,0.0,0.2,0.006187545093630776,16.72481620311737,0.06046535523747259,16.479676485061646,16.844216346740723,0.008551092543054107
