Game,k,Approximator,Variant,Budget,MSE_mean,MSE_std,MSE_min,MSE_max,MSE_se,Prec10_mean,Prec10_std,Prec10_min,Prec10_max,Prec10_se,Runtime_mean,Runtime_std,Runtime_min,Runtime_max,Runtime_se
AdultCensusUnsupervisedData,1,KernelSHAPIQ,,16,2.1806638197401503e+32,1.5419621744264194e+33,0.3577007190054905,1.0903319098700752e+34,2.1806638197401503e+32,0.75,0.09091372900969899,0.6,0.9,0.012857142857142862,,,,,
AdultCensusUnsupervisedData,1,KernelSHAPIQ,,50,0.2221291324500472,0.10434164934818622,0.06478850540773776,0.5323388570799494,0.014756137562858275,0.8059999999999999,0.08429781995389678,0.6,1.0,0.01192151202572861,,,,,
AdultCensusUnsupervisedData,1,KernelSHAPIQ,,100,0.06771410016654808,0.024351597333286856,0.030848165728301506,0.12636711176290694,0.0034438359214182764,0.872,0.06074369035848369,0.8,1.0,0.008590455073355945,,,,,
AdultCensusUnsupervisedData,1,KernelSHAPIQ,,250,0.01996826055988025,0.008069429784259827,0.005414557973435756,0.03635010545246763,0.0011411897041517646,0.946,0.057887998826728015,0.8,1.0,0.008186599303939656,,,,,
AdultCensusUnsupervisedData,1,KernelSHAPIQ,,500,0.007610535104593741,0.003204907975840508,0.002459103120220089,0.01941338988979846,0.00045324243255913496,0.986,0.035050983275386555,0.9,1.0,0.004956957592256419,,,,,
AdultCensusUnsupervisedData,1,KernelSHAPIQ,,750,0.004810550554434286,0.0012763142782075791,0.0025678946125330467,0.007844985311104629,0.00018049809620915855,0.996,0.019794866372215735,0.9,1.0,0.00279941684889506,,,,,
AdultCensusUnsupervisedData,1,KernelSHAPIQ,,1000,0.08339687588727433,0.024416142068047417,0.026550767340272008,0.1398727968312599,0.0034529639253460935,0.872,0.07295511619887832,0.7,1.0,0.010317411477295877,,,,,
AdultCensusUnsupervisedData,1,KernelSHAPIQ,,2000,0.0051771415638704535,0.0018550922250648305,0.00223662642895031,0.012148752581585062,0.0002623496584139565,0.978,0.04184519575964803,0.9,1.0,0.005917804336345135,,,,,
AdultCensusUnsupervisedData,1,KernelSHAPIQ,,3500,0.002007921642714166,0.0008311479447937323,0.0007232151197816211,0.003874027711261221,0.00011754206958658206,0.988,0.032826072265931594,0.9,1.0,0.004642307659791976,,,,,
AdultCensusUnsupervisedData,1,KernelSHAPIQ,,5000,0.0010898288361588856,0.0004413245350289815,0.00035439857832360696,0.002196863156599548,6.241271428459859e-05,1.0,0.0,1.0,1.0,0.0,,,,,
AdultCensusUnsupervisedData,1,PermutationIQ,inverse_variance_weighting,16,,,,,,0.8140000000000001,0.03505098327538656,0.8,0.9,0.004956957592256419,,,,,
AdultCensusUnsupervisedData,1,PermutationIQ,inverse_variance_weighting,50,0.07361615096726676,0.03995769137287703,0.016641499376445445,0.18977410224148872,0.0056508709060641114,0.912,0.05938459911664719,0.8,1.0,0.008398250546685181,,,,,
AdultCensusUnsupervisedData,1,PermutationIQ,inverse_variance_weighting,100,0.03572097705619327,0.01632912830603274,0.006389080130427126,0.0780067481475413,0.0023092874712121905,0.9420000000000001,0.05379477252503635,0.8,1.0,0.007607729688968197,,,,,
AdultCensusUnsupervisedData,1,PermutationIQ,inverse_variance_weighting,250,0.01385123451840677,0.006793375708695384,0.0012995204652649233,0.028471470461517965,0.0009607284061532948,0.988,0.032826072265931594,0.9,1.0,0.004642307659791976,,,,,
AdultCensusUnsupervisedData,1,PermutationIQ,inverse_variance_weighting,500,0.006889475581286538,0.003481038682168677,0.0010955840317315596,0.016401631855198502,0.0004922932115468309,0.996,0.019794866372215756,0.9,1.0,0.0027994168488950605,,,,,
AdultCensusUnsupervisedData,1,PermutationIQ,inverse_variance_weighting,750,0.004323496985030238,0.0029544644549969806,0.0007221859605742132,0.014592644989675089,0.0004178243701805965,1.0,0.0,1.0,1.0,0.0,,,,,
AdultCensusUnsupervisedData,1,PermutationIQ,inverse_variance_weighting,1000,0.003906173071214567,0.002624145715772434,0.000718578364772157,0.014252083660559784,0.00037111024608886295,0.998,0.014142135623730939,0.9,1.0,0.0019999999999999996,,,,,
AdultCensusUnsupervisedData,1,PermutationIQ,inverse_variance_weighting,2000,0.002011210945866499,0.0015858457427978367,0.0002464336517100417,0.007309584089352253,0.00022427245572963355,1.0,0.0,1.0,1.0,0.0,,,,,
AdultCensusUnsupervisedData,1,PermutationIQ,inverse_variance_weighting,3500,0.001030583207809744,0.0007219680891185275,0.0002073855129665539,0.0038932611756923217,0.00010210170632320089,1.0,0.0,1.0,1.0,0.0,,,,,
AdultCensusUnsupervisedData,1,PermutationIQ,inverse_variance_weighting,5000,0.0007690375566642386,0.00045843824129959703,0.00013330471585268862,0.0019240433829347853,6.483295783563597e-05,1.0,0.0,1.0,1.0,0.0,,,,,
AdultCensusUnsupervisedData,1,PermutationIQ,inverse_variance_weighting_optimal,16,,,,,,0.8,0.0,0.8,0.8,3.172065784643304e-17,,,,,
AdultCensusUnsupervisedData,1,PermutationIQ,inverse_variance_weighting_optimal,50,,,,,,0.8,0.0,0.8,0.8,3.172065784643304e-17,,,,,
AdultCensusUnsupervisedData,1,PermutationIQ,inverse_variance_weighting_optimal,100,,,,,,0.8,0.0,0.8,0.8,3.172065784643304e-17,,,,,
AdultCensusUnsupervisedData,1,PermutationIQ,inverse_variance_weighting_optimal,250,,,,,,0.8,0.0,0.8,0.8,3.172065784643304e-17,,,,,
AdultCensusUnsupervisedData,1,PermutationIQ,inverse_variance_weighting_optimal,500,,,,,,0.8,0.0,0.8,0.8,3.172065784643304e-17,,,,,
AdultCensusUnsupervisedData,1,PermutationIQ,inverse_variance_weighting_optimal,750,,,,,,0.8,0.0,0.8,0.8,3.172065784643304e-17,,,,,
AdultCensusUnsupervisedData,1,PermutationIQ,inverse_variance_weighting_optimal,1000,,,,,,0.8,0.0,0.8,0.8,3.172065784643304e-17,,,,,
AdultCensusUnsupervisedData,1,PermutationIQ,inverse_variance_weighting_optimal,2000,,,,,,0.8,0.0,0.8,0.8,3.172065784643304e-17,,,,,
AdultCensusUnsupervisedData,1,PermutationIQ,inverse_variance_weighting_optimal,3500,,,,,,0.8,0.0,0.8,0.8,3.172065784643304e-17,,,,,
AdultCensusUnsupervisedData,1,PermutationIQ,inverse_variance_weighting_optimal,5000,,,,,,0.8,0.0,0.8,0.8,3.172065784643304e-17,,,,,
AdultCensusUnsupervisedData,1,PermutationIQ,mean,16,0.2501163828069549,0.04057139193321077,0.1545104872987613,0.33364857513731716,0.0057376612716301045,0.778,0.08154127538760196,0.6,0.9,0.011531677754634612,,,,,
AdultCensusUnsupervisedData,1,PermutationIQ,mean,50,0.07361615096726676,0.03995769137287704,0.01664149937644544,0.18977410224148875,0.005650870906064112,0.912,0.05938459911664719,0.8,1.0,0.008398250546685181,,,,,
AdultCensusUnsupervisedData,1,PermutationIQ,mean,100,0.03572097705619327,0.01632912830603274,0.0063890801304271215,0.07800674814754129,0.00230928747121219,0.9420000000000001,0.05379477252503635,0.8,1.0,0.007607729688968197,,,,,
AdultCensusUnsupervisedData,1,PermutationIQ,mean,250,0.01385123451840677,0.006793375708695386,0.0012995204652649212,0.028471470461517972,0.0009607284061532948,0.988,0.032826072265931594,0.9,1.0,0.004642307659791976,,,,,
AdultCensusUnsupervisedData,1,PermutationIQ,mean,500,0.006889475581286538,0.0034810386821686775,0.0010955840317315598,0.016401631855198502,0.0004922932115468309,0.996,0.019794866372215756,0.9,1.0,0.0027994168488950605,,,,,
AdultCensusUnsupervisedData,1,PermutationIQ,mean,750,0.0043234969850302375,0.002954464454996981,0.0007221859605742131,0.014592644989675095,0.00041782437018059664,1.0,0.0,1.0,1.0,0.0,,,,,
AdultCensusUnsupervisedData,1,PermutationIQ,mean,1000,0.003906173071214567,0.0026241457157724344,0.0007185783647721565,0.014252083660559781,0.00037111024608886295,0.998,0.014142135623730939,0.9,1.0,0.0019999999999999996,,,,,
AdultCensusUnsupervisedData,1,PermutationIQ,mean,2000,0.002011210945866499,0.0015858457427978367,0.0002464336517100427,0.007309584089352253,0.00022427245572963355,1.0,0.0,1.0,1.0,0.0,,,,,
AdultCensusUnsupervisedData,1,PermutationIQ,mean,3500,0.0010305832078097443,0.0007219680891185278,0.00020738551296655384,0.0038932611756923217,0.00010210170632320091,1.0,0.0,1.0,1.0,0.0,,,,,
AdultCensusUnsupervisedData,1,PermutationIQ,mean,5000,0.0007690375566642386,0.00045843824129959703,0.0001333047158526887,0.0019240433829347846,6.483295783563597e-05,1.0,0.0,1.0,1.0,0.0,,,,,
AdultCensusUnsupervisedData,1,PermutationSamplingSII,,16,0.4607008006914423,0.0,0.4607008006914423,0.4607008006914423,7.93016446160826e-18,0.8,0.0,0.8,0.8,3.172065784643304e-17,,,,,
AdultCensusUnsupervisedData,1,PermutationSamplingSII,,50,0.4607008006914423,0.0,0.4607008006914423,0.4607008006914423,7.93016446160826e-18,0.8,0.0,0.8,0.8,3.172065784643304e-17,,,,,
AdultCensusUnsupervisedData,1,PermutationSamplingSII,,100,0.4607008006914423,0.0,0.4607008006914423,0.4607008006914423,7.93016446160826e-18,0.8,0.0,0.8,0.8,3.172065784643304e-17,,,,,
AdultCensusUnsupervisedData,1,PermutationSamplingSII,,250,0.4607008006914423,0.0,0.4607008006914423,0.4607008006914423,7.93016446160826e-18,0.8,0.0,0.8,0.8,3.172065784643304e-17,,,,,
AdultCensusUnsupervisedData,1,PermutationSamplingSII,,500,0.25125173379595894,0.031884945500685845,0.1871077901479989,0.31567534771044253,0.004509212236259691,0.782,0.0719693812446286,0.6,0.9,0.010178007503175362,,,,,
AdultCensusUnsupervisedData,1,PermutationSamplingSII,,750,0.1312762953408545,0.059965687987877644,0.025990470616139905,0.2627578353044372,0.008480428922948995,0.858,0.07309485031694875,0.7,1.0,0.010337172865786025,,,,,
AdultCensusUnsupervisedData,1,PermutationSamplingSII,,1000,0.12788103533896708,0.046967952691469236,0.028270214650772136,0.22411285720133503,0.00664227156931737,0.8640000000000001,0.07494215456345144,0.7,1.0,0.010598421137709375,,,,,
AdultCensusUnsupervisedData,1,PermutationSamplingSII,,2000,0.049935223994083115,0.026938920791107525,0.00972144154948665,0.16464108928277005,0.0038097387138478806,0.9359999999999999,0.06311634866964147,0.8,1.0,0.008925999629607603,,,,,
AdultCensusUnsupervisedData,1,PermutationSamplingSII,,3500,0.02844971431040258,0.017546150977940964,0.009420872665144337,0.09279237227614041,0.002481400468045006,0.97,0.046291004988627545,0.9,1.0,0.006546536707079769,,,,,
AdultCensusUnsupervisedData,1,PermutationSamplingSII,,5000,0.016162893490383513,0.011813079146539585,0.0036786165093442708,0.06592578088864139,0.001670621674242307,0.988,0.032826072265931594,0.9,1.0,0.004642307659791976,,,,,
AdultCensusUnsupervisedData,1,SHAPIQ,,16,2.724080638393752,1.079204916483765,0.5884506591331393,5.235972761260602,0.15262262294710638,0.7120000000000001,0.07461465632686058,0.6,0.9,0.010552105892925368,,,,,
AdultCensusUnsupervisedData,1,SHAPIQ,,50,0.6277684039108542,0.20886520147814686,0.2518763810745647,1.1309242514689364,0.029538000063818428,0.726,0.0803309481114832,0.6,0.9,0.011360511629754886,,,,,
AdultCensusUnsupervisedData,1,SHAPIQ,,100,0.1669500268961287,0.05856265567093785,0.07943932140011796,0.3266545963301886,0.008282010189842596,0.778,0.07365113574085855,0.6,0.9,0.010415843504890394,,,,,
AdultCensusUnsupervisedData,1,SHAPIQ,,250,0.07131484180601223,0.024027278920818563,0.025935597587063156,0.14537143057331545,0.0033979703716742796,0.83,0.08144110179279557,0.6,1.0,0.01151751106899793,,,,,
AdultCensusUnsupervisedData,1,SHAPIQ,,500,0.04189380849013198,0.005384293146422806,0.03091104722993115,0.05746088858212685,0.0007614540391463638,0.938,0.05674864018868915,0.8,1.0,0.008025469660107507,,,,,
AdultCensusUnsupervisedData,1,SHAPIQ,,750,0.04060470822060931,0.003871926990312829,0.03263844858711413,0.049512496424553354,0.0005475731662218842,0.9620000000000001,0.04903143514780146,0.9,1.0,0.006934092056863767,,,,,
AdultCensusUnsupervisedData,1,SHAPIQ,,1000,0.10941283569927662,0.04536167702373106,0.046643551581325146,0.23886497804293502,0.006415109885894848,0.8340000000000001,0.08233827686279749,0.6,1.0,0.011644390784179904,,,,,
AdultCensusUnsupervisedData,1,SHAPIQ,,2000,0.005948434492615216,0.002512215585191665,0.002698022389248226,0.0166188871289187,0.00035528093521831146,0.9740000000000001,0.0443087497693452,0.9,1.0,0.006266203485560373,,,,,
AdultCensusUnsupervisedData,1,SHAPIQ,,3500,0.002202049756579523,0.0007169959567271791,0.0007173129220394484,0.004215915675790369,0.00010139854061702494,0.988,0.03282607226593159,0.9,1.0,0.004642307659791976,,,,,
AdultCensusUnsupervisedData,1,SHAPIQ,,5000,0.0010931442693629715,0.00041942580182049554,0.00036234651108116224,0.0022271784224364745,5.931576573437547e-05,0.998,0.014142135623730939,0.9,1.0,0.0019999999999999996,,,,,
AdultCensusUnsupervisedData,1,SVARMIQ,,16,0.8874565168357015,0.2311769288245681,0.3415371923333842,1.2754069846288412,0.03269335480514639,0.752,0.0706818107248742,0.6,0.9,0.009995917534020519,,,,,
AdultCensusUnsupervisedData,1,SVARMIQ,,50,0.35227269150051965,0.1071189442909511,0.15165183846488844,0.5933146525821523,0.015148906380335107,0.76,0.09035079029052512,0.6,1.0,0.012777531299998804,,,,,
AdultCensusUnsupervisedData,1,SVARMIQ,,100,0.05259457238337053,0.017664159329118283,0.01488330617166808,0.10204828423812903,0.00249808936911583,0.9420000000000001,0.05379477252503636,0.8,1.0,0.007607729688968197,,,,,
AdultCensusUnsupervisedData,1,SVARMIQ,,250,0.040197552741470674,0.004310260491012268,0.029369778600090275,0.0545456894548708,0.0006095628843750465,0.99,0.030304576336566327,0.9,1.0,0.004285714285714285,,,,,
AdultCensusUnsupervisedData,1,SVARMIQ,,500,0.03872541405008819,0.001698771248443283,0.0352336292563883,0.042362021638200534,0.00024024253389179654,1.0,0.0,1.0,1.0,0.0,,,,,
AdultCensusUnsupervisedData,1,SVARMIQ,,750,0.0393651945123423,0.0010279795507185034,0.037349939830340635,0.0409637427881262,0.0001453782622468308,1.0,0.0,1.0,1.0,0.0,,,,,
AdultCensusUnsupervisedData,1,SVARMIQ,,1000,0.020849159914240956,0.009211344660128212,0.00629996604474517,0.04929156395257273,0.0013026808546046304,0.916,0.05841442371503105,0.8,1.0,0.008261047025600547,,,,,
AdultCensusUnsupervisedData,1,SVARMIQ,,2000,0.0005960211695740207,0.00023916515687993155,0.00013351057163441774,0.0011430198813976876,3.382306085066882e-05,1.0,0.0,1.0,1.0,0.0,,,,,
AdultCensusUnsupervisedData,1,SVARMIQ,,3500,0.00020582710308754933,8.025397390330538e-05,6.982177851056238e-05,0.0003877878889786759,1.1349625832839091e-05,1.0,0.0,1.0,1.0,0.0,,,,,
AdultCensusUnsupervisedData,1,SVARMIQ,,5000,0.00013667311020477835,5.5783575171362894e-05,3.632796591961957e-05,0.00025831088733655844,7.888988856500045e-06,1.0,0.0,1.0,1.0,0.0,,,,,
AdultCensusUnsupervisedData,2,KernelSHAPIQ,,16,3.1760543508225024e+16,1.9841439808016547e+17,0.0300371054966273,1.4012827793042081e+18,2.8060033273506424e+16,0.10200000000000001,0.09997958975384395,0.0,0.4,0.014139249179038426,,,,,
AdultCensusUnsupervisedData,2,KernelSHAPIQ,,50,137562561659779.95,972714199887921.2,2.5135536074339155,6878128069252301.0,137562561379439.19,0.146,0.12969351627304004,0.0,0.5,0.018341432966518894,,,,,
AdultCensusUnsupervisedData,2,KernelSHAPIQ,,100,39.4601877074753,264.2910679940924,0.1191293338626604,1870.670847723156,37.376401277131514,0.14200000000000002,0.1051529498261597,0.0,0.4,0.014870872776769264,,,,,
AdultCensusUnsupervisedData,2,KernelSHAPIQ,,250,0.016501858514911063,0.00482334632754423,0.009034827992893972,0.032006127978546545,0.0006821241792435511,0.56,0.10101525445522104,0.3,0.8,0.014285714285714284,,,,,
AdultCensusUnsupervisedData,2,KernelSHAPIQ,,500,0.0012833293785614438,0.0003412798619450795,0.0007578982027523956,0.0025227007666179407,4.826426093275489e-05,0.9,0.06060915267313264,0.8,1.0,0.00857142857142857,,,,,
AdultCensusUnsupervisedData,2,KernelSHAPIQ,,750,0.0007862702030602156,0.0001588276836146676,0.0004691721916067228,0.001121626117907661,2.2461626424816588e-05,0.9,0.053452248382484864,0.8,1.0,0.007559289460184543,,,,,
AdultCensusUnsupervisedData,2,KernelSHAPIQ,,1000,0.015268335667334591,0.0041742830316025634,0.005114982004428183,0.02446749909127678,0.0005903327676476224,0.5479999999999999,0.13284946214357338,0.3,0.9,0.01878775111174125,,,,,
AdultCensusUnsupervisedData,2,KernelSHAPIQ,,2000,0.00035806404114655096,6.962247758177327e-05,0.00021765907965650384,0.0005086321529422977,9.846105204216053e-06,0.92,0.05714285714285713,0.8,1.0,0.008081220356417684,,,,,
AdultCensusUnsupervisedData,2,KernelSHAPIQ,,3500,0.00011104279933274302,1.604762248473661e-05,8.139405582840585e-05,0.00016153111125262736,2.2694765361757933e-06,0.9440000000000001,0.05014265364224069,0.9,1.0,0.007091242083423345,,,,,
AdultCensusUnsupervisedData,2,KernelSHAPIQ,,5000,6.467491388726914e-05,1.370507227989984e-05,4.4935832712484845e-05,0.00011126810793242663,1.9381899091537908e-06,0.956,0.05014265364224071,0.9,1.0,0.007091242083423344,,,,,
AdultCensusUnsupervisedData,2,PermutationIQ,inverse_variance_weighting,16,,,,,,0.07200000000000001,0.09697464427701223,0.0,0.2,0.013714285714285715,,,,,
AdultCensusUnsupervisedData,2,PermutationIQ,inverse_variance_weighting,50,0.22302086482315306,0.10692810313203877,0.10275008191200191,0.5006549209464395,0.015121917364815827,0.298,0.12695813225996502,0.1,0.5,0.01795459124955997,,,,,
AdultCensusUnsupervisedData,2,PermutationIQ,inverse_variance_weighting,100,0.12506678927837084,0.038646150939845934,0.061660525050448445,0.22865571140130847,0.005465391079264787,0.384,0.12992933715316657,0.2,0.8,0.018374783075215458,,,,,
AdultCensusUnsupervisedData,2,PermutationIQ,inverse_variance_weighting,250,0.055920042032771296,0.012703186954377731,0.02883348124284393,0.07929706094522652,0.0017965019276241958,0.46,0.09897433186107868,0.3,0.6,0.013997084244475301,,,,,
AdultCensusUnsupervisedData,2,PermutationIQ,inverse_variance_weighting,500,0.030755813642606794,0.007328825672453661,0.016468437057099085,0.050731558602647144,0.0010364524662252086,0.524,0.12215747615103971,0.2,0.8,0.017275675951806825,,,,,
AdultCensusUnsupervisedData,2,PermutationIQ,inverse_variance_weighting,750,0.02101785197533815,0.006232949824089858,0.010754250305683067,0.03578762466745344,0.0008814722174818874,0.5419999999999999,0.11795883059053146,0.3,0.7,0.016681897802279997,,,,,
AdultCensusUnsupervisedData,2,PermutationIQ,inverse_variance_weighting,1000,0.016024505531848088,0.003902072374145484,0.00840336509717603,0.025177073090958103,0.0005518363672877925,0.556,0.1145710723186481,0.3,0.8,0.016202796432866085,,,,,
AdultCensusUnsupervisedData,2,PermutationIQ,inverse_variance_weighting,2000,0.007857560976909003,0.0019012365095661345,0.003889464266986996,0.01192900211280291,0.0002688754457107312,0.6579999999999999,0.10119691856242764,0.4,0.9,0.01431140547013508,,,,,
AdultCensusUnsupervisedData,2,PermutationIQ,inverse_variance_weighting,3500,0.004206122300526102,0.0010448352836065007,0.0026848719921441833,0.006636171272058861,0.00014776202285222525,0.696,0.09467452300446227,0.5,0.9,0.013388999444411409,,,,,
AdultCensusUnsupervisedData,2,PermutationIQ,inverse_variance_weighting,5000,0.0028964201238182454,0.0007544802934964505,0.001676912437904462,0.004814706282467531,0.00010669962636059135,0.7440000000000001,0.10133798771981829,0.5,0.9,0.014331355661696521,,,,,
AdultCensusUnsupervisedData,2,PermutationIQ,inverse_variance_weighting_optimal,16,,,,,,0.0,0.0,0.0,0.0,0.0,,,,,
AdultCensusUnsupervisedData,2,PermutationIQ,inverse_variance_weighting_optimal,50,,,,,,0.0,0.0,0.0,0.0,0.0,,,,,
AdultCensusUnsupervisedData,2,PermutationIQ,inverse_variance_weighting_optimal,100,,,,,,0.0,0.0,0.0,0.0,0.0,,,,,
AdultCensusUnsupervisedData,2,PermutationIQ,inverse_variance_weighting_optimal,250,,,,,,0.0,0.0,0.0,0.0,0.0,,,,,
AdultCensusUnsupervisedData,2,PermutationIQ,inverse_variance_weighting_optimal,500,,,,,,0.0,0.0,0.0,0.0,0.0,,,,,
AdultCensusUnsupervisedData,2,PermutationIQ,inverse_variance_weighting_optimal,750,,,,,,0.0,0.0,0.0,0.0,0.0,,,,,
AdultCensusUnsupervisedData,2,PermutationIQ,inverse_variance_weighting_optimal,1000,,,,,,0.0,0.0,0.0,0.0,0.0,,,,,
AdultCensusUnsupervisedData,2,PermutationIQ,inverse_variance_weighting_optimal,2000,,,,,,0.0,0.0,0.0,0.0,0.0,,,,,
AdultCensusUnsupervisedData,2,PermutationIQ,inverse_variance_weighting_optimal,3500,,,,,,0.0,0.0,0.0,0.0,0.0,,,,,
AdultCensusUnsupervisedData,2,PermutationIQ,inverse_variance_weighting_optimal,5000,,,,,,0.0,0.0,0.0,0.0,0.0,,,,,
AdultCensusUnsupervisedData,2,PermutationIQ,mean,16,1.7894740216434166,0.6715235760822146,0.4909222238471308,3.1028902774230147,0.09496777487487487,0.17600000000000002,0.1170382808472231,0.0,0.5,0.016551712409097415,,,,,
AdultCensusUnsupervisedData,2,PermutationIQ,mean,50,0.5088490799534334,0.15539273947240703,0.2643061521747642,1.221051189147781,0.0219758519656187,0.20600000000000002,0.1057721849166444,0.1,0.5,0.014958445843095343,,,,,
AdultCensusUnsupervisedData,2,PermutationIQ,mean,100,0.2684014815442024,0.0607927537548278,0.15420513138484715,0.42804782855794976,0.008597393685408539,0.222,0.10554039752722215,0.0,0.5,0.014925666156124544,,,,,
AdultCensusUnsupervisedData,2,PermutationIQ,mean,250,0.09658279160869611,0.023487587490849043,0.05381140718299614,0.18831617636264605,0.0033216464776983363,0.32,0.10497813183356473,0.1,0.6,0.014846149779161804,,,,,
AdultCensusUnsupervisedData,2,PermutationIQ,mean,500,0.04941118925638338,0.010215091958621577,0.030392205158112955,0.08694227620420861,0.0014446321588770978,0.41200000000000003,0.10028530728448139,0.2,0.6,0.014182484166846691,,,,,
AdultCensusUnsupervisedData,2,PermutationIQ,mean,750,0.034930189114672425,0.008821073423624606,0.019860069563461206,0.057595268256728824,0.0012474881670378787,0.44,0.11952286093343933,0.2,0.7,0.01690308509457033,,,,,
AdultCensusUnsupervisedData,2,PermutationIQ,mean,1000,0.025678024283955447,0.004916887174655303,0.01586997652843889,0.036896878022980036,0.0006953528527055858,0.498,0.10398194505758766,0.3,0.7,0.014705267694237448,,,,,
AdultCensusUnsupervisedData,2,PermutationIQ,mean,2000,0.01326894543226246,0.0029748486271144103,0.008405930859388467,0.022800098529728557,0.00042070712744721796,0.594,0.10184021097498065,0.4,0.8,0.014402380755575497,,,,,
AdultCensusUnsupervisedData,2,PermutationIQ,mean,3500,0.007274241496230305,0.0011893554917390935,0.004221540424554001,0.010367793577676735,0.00016820026669003472,0.67,0.11293848786315643,0.4,1.0,0.015971914124998498,,,,,
AdultCensusUnsupervisedData,2,PermutationIQ,mean,5000,0.00515264995956534,0.0010710300997975465,0.0031394628339654696,0.007613111319031323,0.00015146652928434994,0.7120000000000001,0.10427592909082666,0.4,1.0,0.014746843314930222,,,,,
AdultCensusUnsupervisedData,2,PermutationSamplingSII,,16,0.030033291967976484,0.0,0.030033291967976484,0.030033291967976484,0.0,0.1,0.0,0.1,0.1,3.96508223080413e-18,,,,,
AdultCensusUnsupervisedData,2,PermutationSamplingSII,,50,0.030033291967976484,0.0,0.030033291967976484,0.030033291967976484,0.0,0.1,0.0,0.1,0.1,3.96508223080413e-18,,,,,
AdultCensusUnsupervisedData,2,PermutationSamplingSII,,100,0.030033291967976484,0.0,0.030033291967976484,0.030033291967976484,0.0,0.1,0.0,0.1,0.1,3.96508223080413e-18,,,,,
AdultCensusUnsupervisedData,2,PermutationSamplingSII,,250,0.030033291967976484,0.0,0.030033291967976484,0.030033291967976484,0.0,0.1,0.0,0.1,0.1,3.96508223080413e-18,,,,,
AdultCensusUnsupervisedData,2,PermutationSamplingSII,,500,0.027402248564903302,0.005354350225992072,0.011481158897277932,0.03815015716398213,0.0007572194707293431,0.132,0.08675557971822274,0.0,0.4,0.01226909174490508,,,,,
AdultCensusUnsupervisedData,2,PermutationSamplingSII,,750,0.027227423516202987,0.005401710277368399,0.01049935012461985,0.036108902386072846,0.0007639171934264522,0.20800000000000002,0.11752550743544649,0.0,0.4,0.01662061665399884,,,,,
AdultCensusUnsupervisedData,2,PermutationSamplingSII,,1000,0.024128560797770524,0.007186725159453656,0.00971151649792591,0.033797067276644485,0.0010163564189547304,0.242,0.10707616972253434,0.0,0.5,0.015142857142857144,,,,,
AdultCensusUnsupervisedData,2,PermutationSamplingSII,,2000,0.020186239666457887,0.008050723508338868,0.006809839183272982,0.037815033727493834,0.001138544237240873,0.43200000000000005,0.12525891552447416,0.2,0.7,0.017714285714285714,,,,,
AdultCensusUnsupervisedData,2,PermutationSamplingSII,,3500,0.015414575478724468,0.005939197121094782,0.006413935115555355,0.02947926240479794,0.0008399293118259484,0.55,0.12494896917525643,0.2,0.8,0.017670452681218543,,,,,
AdultCensusUnsupervisedData,2,PermutationSamplingSII,,5000,0.011336669389019621,0.005109668640949202,0.0044833500438308145,0.024302672300907602,0.0007226162691262863,0.592,0.10466662333722401,0.3,0.8,0.014802095825129848,,,,,
AdultCensusUnsupervisedData,2,SHAPIQ,,16,15.349305615429737,5.4391552263481024,5.424802376169152,33.87520431505635,0.7692127088953986,0.07800000000000001,0.09100347604933136,0.0,0.3,0.012869835005205952,,,,,
AdultCensusUnsupervisedData,2,SHAPIQ,,50,4.213958435451689,1.20924270582817,2.382556896018246,8.267964705636633,0.17101274347829362,0.098,0.08204030865920703,0.0,0.3,0.011602251716712544,,,,,
AdultCensusUnsupervisedData,2,SHAPIQ,,100,1.6520022319289454,0.3714428222328344,0.9648745527919587,2.805980219989277,0.052529947684781295,0.09,0.09313146293146642,0.0,0.3,0.013170777796132696,,,,,
AdultCensusUnsupervisedData,2,SHAPIQ,,250,0.4322376278447996,0.07899331079597563,0.2724362933410493,0.6267449069271684,0.011171341146442174,0.12,0.0880630571852711,0.0,0.3,0.012453996981544781,,,,,
AdultCensusUnsupervisedData,2,SHAPIQ,,500,0.03911949539864381,0.0066981292299349935,0.02204947853280602,0.06053873720011721,0.0009472585199501722,0.31,0.11823532398033464,0.1,0.7,0.016720999872456607,,,,,
AdultCensusUnsupervisedData,2,SHAPIQ,,750,0.018915620947048156,0.002782208919348951,0.013133601543582028,0.024127408947205716,0.00039346375870986786,0.456,0.11979574453278073,0.2,0.7,0.016941676663284104,,,,,
AdultCensusUnsupervisedData,2,SHAPIQ,,1000,0.6055105065692138,0.1433276141431126,0.32677626539554305,1.1242412233719594,0.02026958557837677,0.15200000000000002,0.1034901158644276,0.0,0.4,0.014635712542703653,,,,,
AdultCensusUnsupervisedData,2,SHAPIQ,,2000,0.030104751879234896,0.005300386716405723,0.019500714068342456,0.045289174295732766,0.0007495878780163169,0.428,0.11435712054965426,0.2,0.6,0.016172539083525603,,,,,
AdultCensusUnsupervisedData,2,SHAPIQ,,3500,0.011731460969288995,0.0018197520523463096,0.008886252024951554,0.017582112856179784,0.00025735180325844246,0.6,0.12289036095775183,0.4,0.9,0.01737932151513777,,,,,
AdultCensusUnsupervisedData,2,SHAPIQ,,5000,0.006747150345590929,0.0010885057166247142,0.004327855782018642,0.009011668885968443,0.0001539379547171316,0.6859999999999999,0.09691148917798077,0.5,0.9,0.013705354234527381,,,,,
AdultCensusUnsupervisedData,2,SVARMIQ,,16,1.541765628913111,0.3492065024566349,0.7409042855506222,2.1766551217066286,0.049385257184304664,0.08,0.07824607964359516,0.0,0.3,0.011065666703449762,,,,,
AdultCensusUnsupervisedData,2,SVARMIQ,,50,0.417397712969744,0.12273146424503188,0.22424197042857655,0.7858052111020996,0.017356850126523268,0.14,0.11248582677159728,0.0,0.4,0.015907898179514348,,,,,
AdultCensusUnsupervisedData,2,SVARMIQ,,100,0.37366305411352263,0.05278195823051998,0.24070021321474996,0.4773414309695934,0.0074644961178211575,0.0,0.0,0.0,0.0,0.0,,,,,
AdultCensusUnsupervisedData,2,SVARMIQ,,250,0.14591734849022728,0.014935535152060916,0.1084745253143443,0.18008533937848176,0.0021122036373344656,0.044000000000000004,0.061145527311521994,0.0,0.2,0.00864728340024089,,,,,
AdultCensusUnsupervisedData,2,SVARMIQ,,500,0.008020293367972553,0.000845699631518856,0.006792228308748036,0.010235882048670514,0.00011959998885878951,0.72,0.08571428571428576,0.5,0.9,0.012121830534626532,,,,,
AdultCensusUnsupervisedData,2,SVARMIQ,,750,0.007136102623309375,0.0003108759341434439,0.0064687325085778825,0.007975851298197941,4.396449622810634e-05,0.802,0.05529143565818179,0.7,0.9,0.007819389819088007,,,,,
AdultCensusUnsupervisedData,2,SVARMIQ,,1000,0.17825149342048552,0.029630030243877146,0.10794013323422895,0.23121922681624696,0.0041903190624416045,0.14800000000000002,0.10924602453888663,0.0,0.5,0.01544972095382374,,,,,
AdultCensusUnsupervisedData,2,SVARMIQ,,2000,0.002698723490506172,0.00043841686944557203,0.001764251663471682,0.0038654758229471555,6.200150827430825e-05,0.802,0.07951382885757571,0.6,0.9,0.011244953516659675,,,,,
AdultCensusUnsupervisedData,2,SVARMIQ,,3500,0.001025204396616035,0.00018020593644579354,0.0006390081169424649,0.0015312336153808872,2.5484967934178526e-05,0.8760000000000001,0.07159979477795238,0.7,1.0,0.010125740083811058,,,,,
AdultCensusUnsupervisedData,2,SVARMIQ,,5000,0.0005820234486561379,8.670351080906596e-05,0.0003935660946541645,0.0007460612003100222,1.2261728089154336e-05,0.898,0.06223720260226274,0.8,1.0,0.008801669600428205,,,,,
AdultCensusUnsupervisedData,3,KernelSHAPIQ,,16,2.8346430426688784e+22,1.994565181469103e+23,0.0020445689703503978,1.410493392927589e+24,2.8207411306707586e+22,0.018000000000000002,0.03880879344916037,0.0,0.1,0.005488392203513871,,,,,
AdultCensusUnsupervisedData,3,KernelSHAPIQ,,50,0.3199751953010566,1.3478512225961772,0.0020161895870968965,7.371391626005629,0.1906149479056671,0.042,0.1031938931906183,0.0,0.5,0.014593820330425297,,,,,
AdultCensusUnsupervisedData,3,KernelSHAPIQ,,100,422.61636937224443,2824.7755441675545,0.006678493745248814,19973.047464066272,399.4835885221595,0.014000000000000002,0.03505098327538656,0.0,0.1,0.004956957592256421,,,,,
AdultCensusUnsupervisedData,3,KernelSHAPIQ,,250,178.76164013532826,483.08387504232786,0.044816816410639115,2481.733553247703,68.31837678486096,0.018000000000000002,0.03880879344916037,0.0,0.1,0.005488392203513871,,,,,
AdultCensusUnsupervisedData,3,KernelSHAPIQ,,500,4.814085731573618,30.30999626605444,0.06744591131099399,214.66546189129863,4.286480779493205,0.11800000000000001,0.08964783708421276,0.0,0.4,0.012678118704190737,,,,,
AdultCensusUnsupervisedData,3,KernelSHAPIQ,,750,0.03522940083473738,0.015868557586597932,0.010085157528991466,0.07136611219665716,0.0022441529354265263,0.192,0.11036118809044553,0.0,0.4,0.015607428895711616,,,,,
AdultCensusUnsupervisedData,3,KernelSHAPIQ,,1000,0.0033366070909850577,0.0009815681693888176,0.0013985333286387685,0.006055362090718528,0.0001388147017543397,0.7440000000000001,0.10528871870107592,0.5,0.9,0.014890073395194726,,,,,
AdultCensusUnsupervisedData,3,KernelSHAPIQ,,2000,0.0018882240048307471,0.00028330909760589665,0.001361293157451642,0.0028038547715701556,4.006595681779421e-05,0.792,0.08533248298896047,0.6,1.0,0.012067835475395932,,,,,
AdultCensusUnsupervisedData,3,KernelSHAPIQ,,3500,0.0006121258558602348,6.537616169036192e-05,0.0004662751596426863,0.0007598321899984345,9.245585451840619e-06,0.9,0.0728431359084683,0.8,1.0,0.010301575072754253,,,,,
AdultCensusUnsupervisedData,3,KernelSHAPIQ,,5000,0.00033327735680100903,4.2168671691812434e-05,0.0002757220695381839,0.00047406456992804454,5.963550741381955e-06,0.956,0.05405967979549856,0.8,1.0,0.007645193234434084,,,,,
AdultCensusUnsupervisedData,3,PermutationIQ,inverse_variance_weighting,16,,,,,,0.002,0.014142135623730947,0.0,0.1,0.002,,,,,
AdultCensusUnsupervisedData,3,PermutationIQ,inverse_variance_weighting,50,0.39697462006062395,0.1549498653714729,0.19902222153686114,1.0061490345286017,0.02191322010962221,0.094,0.08429781995389675,0.0,0.3,0.011921512025728607,,,,,
AdultCensusUnsupervisedData,3,PermutationIQ,inverse_variance_weighting,100,0.17645741327924702,0.03666732225934348,0.12365236071900527,0.29706413941465076,0.005185542443506843,0.124,0.08935140440635365,0.0,0.4,0.012636196792854847,,,,,
AdultCensusUnsupervisedData,3,PermutationIQ,inverse_variance_weighting,250,0.06942996152675823,0.01077325847764242,0.053496838633795125,0.09602379015403625,0.0015235688250032835,0.20800000000000002,0.1306811042974774,0.0,0.5,0.018481099004338544,,,,,
AdultCensusUnsupervisedData,3,PermutationIQ,inverse_variance_weighting,500,0.041860844576602975,0.006187778571709092,0.03215266701642182,0.060499553692649165,0.0008750840377072615,0.248,0.13738074605910067,0.0,0.5,0.019428571428571427,,,,,
AdultCensusUnsupervisedData,3,PermutationIQ,inverse_variance_weighting,750,0.03015151553494978,0.005268112490927665,0.020437272776588848,0.045076433746405555,0.0007450236132777012,0.308,0.1536494818257,0.0,0.6,0.021729318104950334,,,,,
AdultCensusUnsupervisedData,3,PermutationIQ,inverse_variance_weighting,1000,0.023871726551360117,0.0035626745914504807,0.017396208161423954,0.03053655296199657,0.0005038382725551293,0.344,0.14165206007132047,0.0,0.6,0.020032626449094974,,,,,
AdultCensusUnsupervisedData,3,PermutationIQ,inverse_variance_weighting,2000,0.014833440095281536,0.002427860068937322,0.010440483138755244,0.020832439147163394,0.0003433512637035239,0.452,0.1358871080067899,0.1,0.7,0.019217339109485983,,,,,
AdultCensusUnsupervisedData,3,PermutationIQ,inverse_variance_weighting,3500,0.009484697991330445,0.0011353852952508123,0.006875130981176223,0.011785157693922155,0.00016056772830626794,0.496,0.14422205101855953,0.2,0.7,0.020396078054371134,,,,,
AdultCensusUnsupervisedData,3,PermutationIQ,inverse_variance_weighting,5000,0.007091584059564376,0.0008823318262832782,0.0057090385781072995,0.00966599898970479,0.00012478056352432338,0.528,0.1340727795045722,0.2,0.9,0.018960754312042354,,,,,
AdultCensusUnsupervisedData,3,PermutationIQ,inverse_variance_weighting_optimal,16,,,,,,0.0,0.0,0.0,0.0,0.0,,,,,
AdultCensusUnsupervisedData,3,PermutationIQ,inverse_variance_weighting_optimal,50,,,,,,0.0,0.0,0.0,0.0,0.0,,,,,
AdultCensusUnsupervisedData,3,PermutationIQ,inverse_variance_weighting_optimal,100,,,,,,0.0,0.0,0.0,0.0,0.0,,,,,
AdultCensusUnsupervisedData,3,PermutationIQ,inverse_variance_weighting_optimal,250,,,,,,0.0,0.0,0.0,0.0,0.0,,,,,
AdultCensusUnsupervisedData,3,PermutationIQ,inverse_variance_weighting_optimal,500,,,,,,0.0,0.0,0.0,0.0,0.0,,,,,
AdultCensusUnsupervisedData,3,PermutationIQ,inverse_variance_weighting_optimal,750,,,,,,0.0,0.0,0.0,0.0,0.0,,,,,
AdultCensusUnsupervisedData,3,PermutationIQ,inverse_variance_weighting_optimal,1000,,,,,,0.0,0.0,0.0,0.0,0.0,,,,,
AdultCensusUnsupervisedData,3,PermutationIQ,inverse_variance_weighting_optimal,2000,,,,,,0.0,0.0,0.0,0.0,0.0,,,,,
AdultCensusUnsupervisedData,3,PermutationIQ,inverse_variance_weighting_optimal,3500,,,,,,0.0,0.0,0.0,0.0,0.0,,,,,
AdultCensusUnsupervisedData,3,PermutationIQ,inverse_variance_weighting_optimal,5000,,,,,,0.0,0.0,0.0,0.0,0.0,,,,,
AdultCensusUnsupervisedData,3,PermutationIQ,mean,16,6.205075170628038,2.862916078363343,1.9308959955537355,12.14207339804638,0.40487747459574336,0.07,0.12494896917525644,0.0,0.5,0.017670452681218543,,,,,
AdultCensusUnsupervisedData,3,PermutationIQ,mean,50,1.7965466443160107,0.4973096700162833,0.9732119497832278,3.250773493076382,0.07033020800363166,0.07200000000000001,0.09484681527255905,0.0,0.3,0.01341336525063486,,,,,
AdultCensusUnsupervisedData,3,PermutationIQ,mean,100,0.9932087131022915,0.19695684616607773,0.5922556599114229,1.521299043916152,0.027853904305029844,0.07,0.08864052604279182,0.0,0.4,0.012535663410560177,,,,,
AdultCensusUnsupervisedData,3,PermutationIQ,mean,250,0.3747046267043401,0.04737202969928117,0.2818598588708188,0.49364481298114904,0.006699416687786447,0.08200000000000002,0.0800255061380624,0.0,0.3,0.01131731561162192,,,,,
AdultCensusUnsupervisedData,3,PermutationIQ,mean,500,0.18851468447843517,0.02163034930905436,0.13628395823518802,0.23440089361547173,0.003058993335173218,0.08,0.0880630571852711,0.0,0.3,0.012453996981544783,,,,,
AdultCensusUnsupervisedData,3,PermutationIQ,mean,750,0.1209832353063739,0.014199449248714795,0.09014715977111581,0.15402220328812596,0.002008105370576092,0.084,0.09116032076310752,0.0,0.3,0.01289201619734683,,,,,
AdultCensusUnsupervisedData,3,PermutationIQ,mean,1000,0.09352624722563506,0.010104364498932405,0.07736020330494708,0.1260371035349914,0.0014289729313551435,0.094,0.1038248132034664,0.0,0.4,0.014683045894319539,,,,,
AdultCensusUnsupervisedData,3,PermutationIQ,mean,2000,0.048556367749333834,0.004522064087489577,0.035610750115921394,0.06002614361992495,0.0006395164362448076,0.16,0.1087967586551987,0.0,0.4,0.015386185163241436,,,,,
AdultCensusUnsupervisedData,3,PermutationIQ,mean,3500,0.027203050767840624,0.002726556428615455,0.021445381072747044,0.03526492141482837,0.0003855933079923527,0.264,0.12739141034061688,0.0,0.6,0.018015866023353654,,,,,
AdultCensusUnsupervisedData,3,PermutationIQ,mean,5000,0.01878467291156972,0.0019234680814777664,0.015560992221635131,0.023365763843633217,0.0002720194647617615,0.3,0.1106566670344976,0.1,0.7,0.01564921592871903,,,,,
AdultCensusUnsupervisedData,3,PermutationSamplingSII,,16,0.002078086726649638,0.0,0.002078086726649638,0.002078086726649638,0.0,0.1,0.0,0.1,0.1,3.96508223080413e-18,,,,,
AdultCensusUnsupervisedData,3,PermutationSamplingSII,,50,0.002078086726649638,0.0,0.002078086726649638,0.002078086726649638,0.0,0.1,0.0,0.1,0.1,3.96508223080413e-18,,,,,
AdultCensusUnsupervisedData,3,PermutationSamplingSII,,100,0.002078086726649638,0.0,0.002078086726649638,0.002078086726649638,0.0,0.1,0.0,0.1,0.1,3.96508223080413e-18,,,,,
AdultCensusUnsupervisedData,3,PermutationSamplingSII,,250,0.002078086726649638,0.0,0.002078086726649638,0.002078086726649638,0.0,0.1,0.0,0.1,0.1,3.96508223080413e-18,,,,,
AdultCensusUnsupervisedData,3,PermutationSamplingSII,,500,0.00219566832112259,0.0002290860609749553,0.0018389286216432454,0.0028685622840363394,3.239766143814115e-05,0.028000000000000004,0.05728553615932406,0.0,0.2,0.008101398216433043,,,,,
AdultCensusUnsupervisedData,3,PermutationSamplingSII,,750,0.0024602942834867528,0.0004259439792147494,0.0017961681884577376,0.0034820934243900924,6.023757522166626e-05,0.044000000000000004,0.06749149606295839,0.0,0.3,0.00954473890770861,,,,,
AdultCensusUnsupervisedData,3,PermutationSamplingSII,,1000,0.0025547403082746005,0.0006657047866044309,0.001719986853974388,0.004969389940002394,9.414487377526731e-05,0.09,0.09091372900969896,0.0,0.3,0.012857142857142855,,,,,
AdultCensusUnsupervisedData,3,PermutationSamplingSII,,2000,0.002899428306358884,0.000698007394573735,0.0017269555542806768,0.004865622317198867,9.871315240428844e-05,0.124,0.11168468734681179,0.0,0.4,0.015794599955526,,,,,
AdultCensusUnsupervisedData,3,PermutationSamplingSII,,3500,0.003351058076237399,0.0008319203906590409,0.0022096822090961594,0.006008691213943024,0.00011765130992847395,0.18,0.10690449676496976,0.0,0.4,0.015118578920369087,,,,,
AdultCensusUnsupervisedData,3,PermutationSamplingSII,,5000,0.003970929021971909,0.0012557141481111113,0.0020914108209881743,0.008295700669458134,0.0001775847978722511,0.2,0.11952286093343938,0.0,0.5,0.016903085094570332,,,,,
AdultCensusUnsupervisedData,3,SHAPIQ,,16,70.63065350228032,21.862938980380314,28.761042828378223,128.8680638985416,3.0918864819389253,0.016,0.04218520874352401,0.0,0.2,0.005965889433663172,,,,,
AdultCensusUnsupervisedData,3,SHAPIQ,,50,19.411649182126485,5.9637171815658165,9.921151211735365,34.83715132475969,0.8433969720327825,0.02,0.049487165930539354,0.0,0.2,0.006998542122237651,,,,,
AdultCensusUnsupervisedData,3,SHAPIQ,,100,8.59079494101819,1.387177708316527,5.855738707509752,11.539067624398065,0.1961765528522862,0.012000000000000002,0.032826072265931594,0.0,0.1,0.004642307659791977,,,,,
AdultCensusUnsupervisedData,3,SHAPIQ,,250,2.2859346581376307,0.2336079736457193,1.6986126857503887,2.890996909809818,0.03303715646082728,0.022000000000000002,0.0464670170494017,0.0,0.2,0.006571428571428572,,,,,
AdultCensusUnsupervisedData,3,SHAPIQ,,500,0.4551838729275086,0.0381237612754436,0.36996542526964843,0.537953826684925,0.0053915140244406535,0.02,0.04040610178208843,0.0,0.1,0.005714285714285714,,,,,
AdultCensusUnsupervisedData,3,SHAPIQ,,750,0.1680178500725579,0.015091087331214177,0.14286806452914447,0.19458250987608136,0.002134202037475988,0.016,0.04218520874352401,0.0,0.2,0.005965889433663172,,,,,
AdultCensusUnsupervisedData,3,SHAPIQ,,1000,3.815533352237618,0.7816670448903387,2.4126441214059358,5.621979655995945,0.11054441361440158,0.012000000000000002,0.032826072265931594,0.0,0.1,0.004642307659791977,,,,,
AdultCensusUnsupervisedData,3,SHAPIQ,,2000,0.19537862626032126,0.019232798980062613,0.16081698128490507,0.2482362741473302,0.0027199285159999966,0.032,0.05126959555693246,0.0,0.2,0.007250615737399726,,,,,
AdultCensusUnsupervisedData,3,SHAPIQ,,3500,0.07449135955765067,0.005927326601363842,0.06303533157352076,0.08392351413884051,0.0008382505668263568,0.07,0.0762648446573665,0.0,0.2,0.010785477764672499,,,,,
AdultCensusUnsupervisedData,3,SHAPIQ,,5000,0.04357097624411533,0.004024933095711159,0.036650080760976034,0.05315161425509336,0.0005692114971599051,0.12,0.08806305718527109,0.0,0.4,0.012453996981544781,,,,,
AdultCensusUnsupervisedData,3,SVARMIQ,,16,1.5586059164257866,0.3684660189823046,0.8337024931901647,2.407368423815999,0.052108964131839734,0.014000000000000002,0.03505098327538656,0.0,0.1,0.0049569575922564215,,,,,
AdultCensusUnsupervisedData,3,SVARMIQ,,50,0.7184895898693445,0.14724724598063368,0.4762428902801133,1.1914918333571842,0.020823905228789935,0.008,0.027404751561786976,0.0,0.1,0.0038756171332144386,,,,,
AdultCensusUnsupervisedData,3,SVARMIQ,,100,1.9458946956486323,0.24942516199287249,1.2898190845099935,2.4166231859868286,0.03527404468874265,0.0,0.0,0.0,0.0,0.0,,,,,
AdultCensusUnsupervisedData,3,SVARMIQ,,250,0.5206769218102388,0.07711708216064997,0.32002376803857163,0.7383782731902445,0.010906002348223146,0.022000000000000002,0.058169351632863804,0.0,0.3,0.008226388599364554,,,,,
AdultCensusUnsupervisedData,3,SVARMIQ,,500,0.10070495045239003,0.00475881098586897,0.09341480026256506,0.1103464796596439,0.0006729975036985975,0.002,0.014142135623730947,0.0,0.1,0.002,,,,,
AdultCensusUnsupervisedData,3,SVARMIQ,,750,0.044050821716144606,0.0032764360986831075,0.03703834644363342,0.05243377998037793,0.0004633580367006442,0.0,0.0,0.0,0.0,0.0,,,,,
AdultCensusUnsupervisedData,3,SVARMIQ,,1000,0.48800701915518485,0.06574166419662453,0.3611220776571212,0.6414513181420224,0.009297275311984413,0.05800000000000001,0.07024737630368141,0.0,0.2,0.009934479228979262,,,,,
AdultCensusUnsupervisedData,3,SVARMIQ,,2000,0.030601761411648304,0.003910021833116111,0.023372941063283265,0.04000907567666777,0.0005529605905567716,0.05600000000000001,0.07045044574821688,0.0,0.3,0.009963197585235825,,,,,
AdultCensusUnsupervisedData,3,SVARMIQ,,3500,0.005763682276696095,0.0007622806716678949,0.004276835129240901,0.007347347515216704,0.0001078027664207609,0.5660000000000001,0.08233827686279749,0.4,0.7,0.0116443907841799,,,,,
AdultCensusUnsupervisedData,3,SVARMIQ,,5000,0.002923608679971776,0.0002931139611110463,0.0023253877218241937,0.0035861410922719186,4.145257391241415e-05,0.73,0.10738068841694938,0.5,1.0,0.015185922589620928,,,,,
AdultCensusUnsupervisedData,4,KernelSHAPIQ,,16,0.4442642724210242,2.952575500449601,0.0008688717931257774,20.864589191693387,0.4175572316666354,0.004,0.019794866372215742,0.0,0.1,0.0027994168488950605,0.2052979850769043,0.004232262919921698,0.19322466850280762,0.21346068382263184,0.0005985323620882026
AdultCensusUnsupervisedData,4,KernelSHAPIQ,,50,0.0021136311542071574,0.0015223504180766436,0.0008798274718020813,0.007875342556776929,0.00021529286079283408,0.002,0.014142135623730947,0.0,0.1,0.0020000000000000005,0.5105769777297974,0.008541287737165207,0.4833858013153076,0.5276370048522949,0.0012079204958029982
AdultCensusUnsupervisedData,4,KernelSHAPIQ,,100,0.0030631770073993357,0.0012321303611319116,0.0015111862679830965,0.008061038267051936,0.00017424954673244083,0.012000000000000002,0.059384599116647216,0.0,0.4,0.008398250546685183,0.9573693180084228,0.012675931368911065,0.9324007034301758,0.9841115474700928,0.0017926474057624582
AdultCensusUnsupervisedData,4,KernelSHAPIQ,,250,0.0016553590885783492,0.00032445884255030905,0.0010793780711587796,0.002445668075205876,4.588540955665238e-05,0.034,0.06580738746446298,0.0,0.3,0.009306569985658474,2.2194937086105346,0.016595562399164685,2.178605794906616,2.256789207458496,0.00234696694201076
AdultCensusUnsupervisedData,4,KernelSHAPIQ,,500,0.0014536509726804465,0.00013012201343859782,0.0012012907770548376,0.0018721718555469126,1.8402031616815913e-05,0.036000000000000004,0.0631163486696415,0.0,0.2,0.008925999629607606,4.270259170532227,0.01671435611104295,4.236690521240234,4.312260866165161,0.0023637669098570016
AdultCensusUnsupervisedData,4,KernelSHAPIQ,,750,0.0015202829747822436,0.00016033968170715593,0.0012334421851838793,0.0019103260714064478,2.2675455245684515e-05,0.16400000000000003,0.1173865061952808,0.0,0.5,0.016600958910095942,6.131629748344421,0.024063008644876614,6.066783428192139,6.180878162384033,0.0034030233177085325
AdultCensusUnsupervisedData,4,KernelSHAPIQ,,1000,15.098227976508207,44.34489132777879,0.09676276779961485,226.49223815712907,6.27131467377058,0.002,0.01414213562373095,0.0,0.1,0.002,7.496391649246216,0.02855227683399093,7.433311462402344,7.554757833480835,0.004037901713526164
AdultCensusUnsupervisedData,4,KernelSHAPIQ,,2000,0.038043216747711814,0.004954689277452209,0.02990275570405473,0.051492945326183814,0.0007006988773517462,0.04,0.05714285714285715,0.0,0.2,0.008081220356417685,7.720019726753235,0.0341718712171556,7.638438701629639,7.794003009796143,0.004832632372696813
AdultCensusUnsupervisedData,4,KernelSHAPIQ,,3500,0.007298712582936868,0.0006673313417600193,0.006175997196943022,0.008744577570022673,9.437490341136543e-05,0.198,0.1020004001592791,0.0,0.4,0.014425034927273527,8.152926816940308,0.031839599294535316,8.084696769714355,8.22924256324768,0.004502799314285661
AdultCensusUnsupervisedData,4,KernelSHAPIQ,,5000,0.0035681859973806123,0.00024289014320574322,0.0030805258561214088,0.0040879698183734926,3.434985346883054e-05,0.38799999999999996,0.1002853072844814,0.1,0.7,0.014182484166846691,8.575325937271119,0.053983010881176796,8.473826885223389,8.673732995986938,0.007634350612589394
AdultCensusUnsupervisedData,4,PermutationIQ,inverse_variance_weighting,16,,,,,,0.0,0.0,0.0,0.0,0.0,0.030663490295410156,0.038183415034456165,0.01818990707397461,0.18192434310913086,0.005399950339944863
AdultCensusUnsupervisedData,4,PermutationIQ,inverse_variance_weighting,50,0.8540676024311535,0.5974755201503945,0.354933695329939,4.395070824260869,0.08449579837826075,0.05600000000000001,0.08609439527611064,0.0,0.4,0.01217558614437858,0.04710624694824219,0.022721970824324256,0.04294085502624512,0.20450115203857422,0.0032133719303605126
AdultCensusUnsupervisedData,4,PermutationIQ,inverse_variance_weighting,100,0.3405033498272551,0.06371807046013671,0.23172089924113506,0.5682077174844408,0.00901109594129698,0.064,0.09424241429983224,0.0,0.4,0.013327890045360686,0.08395971775054932,0.03671531737685507,0.07324481010437012,0.2416837215423584,0.005192329978118101
AdultCensusUnsupervisedData,4,PermutationIQ,inverse_variance_weighting,250,0.16431368165067028,0.023385897881974035,0.12169628263414264,0.2355524951914492,0.0033072653952959923,0.08199999999999999,0.10437373975775902,0.0,0.4,0.014760675832102272,0.17762310028076173,0.03812256215655362,0.16477441787719727,0.33463573455810547,0.005391344443420945
AdultCensusUnsupervisedData,4,PermutationIQ,inverse_variance_weighting,500,0.09887455933598116,0.012003388074235002,0.0779600520394162,0.12348793579705025,0.0016975354209010608,0.084,0.08171628369185767,0.0,0.3,0.011556427666375248,0.3270066690444946,0.02410770920098184,0.31526851654052734,0.4867675304412842,0.003409344930977519
AdultCensusUnsupervisedData,4,PermutationIQ,inverse_variance_weighting,750,0.07332305295724309,0.008658007077929157,0.05724663135677156,0.10377926565451018,0.0012244271032729665,0.07400000000000001,0.08992059989632123,0.0,0.3,0.012716693191010221,0.48759257793426514,0.032723495968150655,0.46998047828674316,0.6457729339599609,0.0046278011806419935
AdultCensusUnsupervisedData,4,PermutationIQ,inverse_variance_weighting,1000,0.05853700483976588,0.00632001443776247,0.046191472728162104,0.07484108865011949,0.0008937850132277456,0.094,0.08184106049944288,0.0,0.3,0.011574073771730909,0.6464693641662598,0.03219134260491061,0.6253855228424072,0.8043813705444336,0.004552543330286343
AdultCensusUnsupervisedData,4,PermutationIQ,inverse_variance_weighting,2000,0.03399394317359743,0.0030272992757067667,0.02762456327297093,0.04006076938080584,0.00042812476930667554,0.11599999999999999,0.10173996465579917,0.0,0.5,0.014388203785159051,1.2780175304412842,0.036170254199398406,1.2370338439941406,1.4505565166473389,0.005115246404327164
AdultCensusUnsupervisedData,4,PermutationIQ,inverse_variance_weighting,3500,0.02125827087363265,0.001513919057234156,0.01735210846352619,0.02472744394905168,0.00021410048630756334,0.10800000000000001,0.10069148678117769,0.0,0.3,0.014239926622145271,2.240054016113281,0.05794600573000831,2.1536355018615723,2.4375319480895996,0.00819480271887268
AdultCensusUnsupervisedData,4,PermutationIQ,inverse_variance_weighting,5000,0.015614147945750098,0.001101772462007597,0.013645265955357148,0.01854778147694329,0.00015581415584203393,0.128,0.11073041357186343,0.0,0.5,0.01565964526405111,3.2590869855880737,0.08990812609891059,3.1338679790496826,3.517819881439209,0.012714929129662976
AdultCensusUnsupervisedData,4,PermutationIQ,inverse_variance_weighting_optimal,16,,,,,,0.0,0.0,0.0,0.0,0.0,0.030663490295410156,0.038183415034456165,0.01818990707397461,0.18192434310913086,0.005399950339944863
AdultCensusUnsupervisedData,4,PermutationIQ,inverse_variance_weighting_optimal,50,,,,,,0.0,0.0,0.0,0.0,0.0,0.04710624694824219,0.022721970824324256,0.04294085502624512,0.20450115203857422,0.0032133719303605126
AdultCensusUnsupervisedData,4,PermutationIQ,inverse_variance_weighting_optimal,100,,,,,,0.0,0.0,0.0,0.0,0.0,0.08395971775054932,0.03671531737685507,0.07324481010437012,0.2416837215423584,0.005192329978118101
AdultCensusUnsupervisedData,4,PermutationIQ,inverse_variance_weighting_optimal,250,,,,,,0.0,0.0,0.0,0.0,0.0,0.17762310028076173,0.03812256215655362,0.16477441787719727,0.33463573455810547,0.005391344443420945
AdultCensusUnsupervisedData,4,PermutationIQ,inverse_variance_weighting_optimal,500,,,,,,0.0,0.0,0.0,0.0,0.0,0.3270066690444946,0.02410770920098184,0.31526851654052734,0.4867675304412842,0.003409344930977519
AdultCensusUnsupervisedData,4,PermutationIQ,inverse_variance_weighting_optimal,750,,,,,,0.0,0.0,0.0,0.0,0.0,0.48759257793426514,0.032723495968150655,0.46998047828674316,0.6457729339599609,0.0046278011806419935
AdultCensusUnsupervisedData,4,PermutationIQ,inverse_variance_weighting_optimal,1000,,,,,,0.0,0.0,0.0,0.0,0.0,0.6464693641662598,0.03219134260491061,0.6253855228424072,0.8043813705444336,0.004552543330286343
AdultCensusUnsupervisedData,4,PermutationIQ,inverse_variance_weighting_optimal,2000,,,,,,0.0,0.0,0.0,0.0,0.0,1.2780175304412842,0.036170254199398406,1.2370338439941406,1.4505565166473389,0.005115246404327164
AdultCensusUnsupervisedData,4,PermutationIQ,inverse_variance_weighting_optimal,3500,,,,,,0.0,0.0,0.0,0.0,0.0,2.240054016113281,0.05794600573000831,2.1536355018615723,2.4375319480895996,0.00819480271887268
AdultCensusUnsupervisedData,4,PermutationIQ,inverse_variance_weighting_optimal,5000,,,,,,0.0,0.0,0.0,0.0,0.0,3.2590869855880737,0.08990812609891059,3.1338679790496826,3.517819881439209,0.012714929129662976
AdultCensusUnsupervisedData,4,PermutationIQ,mean,16,22.09420511981655,11.233881887029579,7.0376202626895745,54.773028610313915,1.5887108122734683,0.016,0.054809503123573945,0.0,0.3,0.007751234266428879,0.030663490295410156,0.038183415034456165,0.01818990707397461,0.18192434310913086,0.005399950339944863
AdultCensusUnsupervisedData,4,PermutationIQ,mean,50,7.142853470335957,1.9361511905616755,3.5777012923222693,12.465111638031903,0.27381312724971363,0.01,0.03642156795423418,0.0,0.2,0.005150787536377128,0.04710624694824219,0.022721970824324256,0.04294085502624512,0.20450115203857422,0.0032133719303605126
AdultCensusUnsupervisedData,4,PermutationIQ,mean,100,3.6059920024803915,0.6919984774633734,2.311868965899142,5.699232454762148,0.0978633631970235,0.024,0.0591090310445063,0.0,0.3,0.00835927933618731,0.08395971775054932,0.03671531737685507,0.07324481010437012,0.2416837215423584,0.005192329978118101
AdultCensusUnsupervisedData,4,PermutationIQ,mean,250,1.4121179320914752,0.18053097630113785,0.9731435005977609,1.9179830186612103,0.025530935511352493,0.024000000000000004,0.04763809143009448,0.0,0.2,0.006737043498600912,0.17762310028076173,0.03812256215655362,0.16477441787719727,0.33463573455810547,0.005391344443420945
AdultCensusUnsupervisedData,4,PermutationIQ,mean,500,0.6956645673382461,0.07173108881600686,0.5864137281098626,0.8685184384802205,0.010144307864738595,0.03,0.05050762722761054,0.0,0.2,0.0071428571428571435,0.3270066690444946,0.02410770920098184,0.31526851654052734,0.4867675304412842,0.003409344930977519
AdultCensusUnsupervisedData,4,PermutationIQ,mean,750,0.4447816408335018,0.03643504988345731,0.3530742473802945,0.5299534320215102,0.005152694169092559,0.014000000000000002,0.03505098327538656,0.0,0.1,0.0049569575922564215,0.48759257793426514,0.032723495968150655,0.46998047828674316,0.6457729339599609,0.0046278011806419935
AdultCensusUnsupervisedData,4,PermutationIQ,mean,1000,0.34125197745864955,0.02788428631466015,0.28480549999923893,0.4138796760979092,0.0039434335883286875,0.022000000000000002,0.0464670170494017,0.0,0.2,0.006571428571428572,0.6464693641662598,0.03219134260491061,0.6253855228424072,0.8043813705444336,0.004552543330286343
AdultCensusUnsupervisedData,4,PermutationIQ,mean,2000,0.1697419973682487,0.010384566940786422,0.14881090207342626,0.18819429435114796,0.0014685995407031423,0.04800000000000001,0.07351245903010634,0.0,0.3,0.010396231656377288,1.2780175304412842,0.036170254199398406,1.2370338439941406,1.4505565166473389,0.005115246404327164
AdultCensusUnsupervisedData,4,PermutationIQ,mean,3500,0.09889960181567597,0.006445047274257974,0.0859874349623549,0.11160108336145322,0.0009114673265391376,0.044000000000000004,0.05771145679064046,0.0,0.2,0.008161632489763256,2.240054016113281,0.05794600573000831,2.1536355018615723,2.4375319480895996,0.00819480271887268
AdultCensusUnsupervisedData,4,PermutationIQ,mean,5000,0.06828037309892154,0.004493574165575564,0.05850555528240459,0.07881380802071171,0.0006354873528486326,0.06,0.07284313590846836,0.0,0.3,0.010301575072754256,3.2590869855880737,0.08990812609891059,3.1338679790496826,3.517819881439209,0.012714929129662976
AdultCensusUnsupervisedData,4,PermutationSamplingSII,,16,0.0008798273715890244,0.0,0.0008798273715890244,0.0008798273715890244,1.5488602464078634e-20,0.0,0.0,0.0,0.0,0.0,0.00015871524810791017,1.707902702012058e-05,0.0001270771026611328,0.00020885467529296875,2.4153391643991077e-06
AdultCensusUnsupervisedData,4,PermutationSamplingSII,,50,0.0008798273715890244,0.0,0.0008798273715890244,0.0008798273715890244,1.5488602464078634e-20,0.0,0.0,0.0,0.0,0.0,0.00013198375701904298,1.1872474325537436e-05,0.00011396408081054688,0.0001666545867919922,1.6790214210101405e-06
AdultCensusUnsupervisedData,4,PermutationSamplingSII,,100,0.0008798273715890244,0.0,0.0008798273715890244,0.0008798273715890244,1.5488602464078634e-20,0.0,0.0,0.0,0.0,0.0,0.0001306295394897461,1.9739716714706452e-05,0.00010466575622558594,0.00020194053649902344,2.7916175095340763e-06
AdultCensusUnsupervisedData,4,PermutationSamplingSII,,250,0.0008798273715890244,0.0,0.0008798273715890244,0.0008798273715890244,1.5488602464078634e-20,0.0,0.0,0.0,0.0,0.0,0.00012690544128417968,1.3932583680205303e-05,0.00010657310485839844,0.0001659393310546875,1.970364879944439e-06
AdultCensusUnsupervisedData,4,PermutationSamplingSII,,500,0.0009341612780240754,7.794220910579787e-05,0.0008613607902661874,0.0011490463284989086,1.1022692919873907e-05,0.01,0.030304576336566323,0.0,0.1,0.004285714285714286,0.0035406970977783204,7.341073211750872e-05,0.003417491912841797,0.0037326812744140625,1.0381845298431907e-05
AdultCensusUnsupervisedData,4,PermutationSamplingSII,,750,0.0010416289713035673,0.00014682632272605686,0.00087916640463132,0.0015966881137626902,2.076437769125586e-05,0.016,0.037032803990902065,0.0,0.1,0.005237229365663817,0.006730084419250488,0.00013612414927198426,0.00650477409362793,0.007268667221069336,1.925086180669395e-05
AdultCensusUnsupervisedData,4,PermutationSamplingSII,,1000,0.001123370127834183,0.00021526519110951796,0.0008759358628452462,0.0017960743926073402,3.044309527739164e-05,0.022000000000000002,0.05066899385990914,0.0,0.2,0.007165677830848259,0.006733827590942383,0.00014028450226411174,0.006506681442260742,0.0072138309478759766,1.9839224569266595e-05
AdultCensusUnsupervisedData,4,PermutationSamplingSII,,2000,0.001306757082576847,0.0002663985550344,0.0009468533592451419,0.0020495383070345415,3.767444495262437e-05,0.048,0.07886956423909865,0.0,0.3,0.011153840740538934,0.016247873306274415,0.00020734773185600912,0.015801191329956055,0.016643762588500977,2.9323397451806828e-05
AdultCensusUnsupervisedData,4,PermutationSamplingSII,,3500,0.0016104201102995278,0.00032274258785528815,0.0011494542927664214,0.0027487772459422037,4.564269449003386e-05,0.054000000000000006,0.0761577310586391,0.0,0.2,0.010770329614269008,0.028958821296691896,0.00029760086824397007,0.028099536895751953,0.029466629028320312,4.208711840446312e-05
AdultCensusUnsupervisedData,4,PermutationSamplingSII,,5000,0.002004030966442999,0.0004819417378033517,0.001363042348368993,0.004035759060967886,6.815685418751583e-05,0.057999999999999996,0.08827138117585949,0.0,0.3,0.012483458442830556,0.04481648445129394,0.00045892890150900253,0.043918609619140625,0.04550528526306152,6.49023476679015e-05
AdultCensusUnsupervisedData,4,SHAPIQ,,16,223.38547248187,77.76548200599933,89.78502560131679,484.57201443226074,10.997699933736511,0.0,0.0,0.0,0.0,0.0,0.07143567562103272,0.000491134514741712,0.07057881355285645,0.07282280921936035,6.94569091697256e-05
AdultCensusUnsupervisedData,4,SHAPIQ,,50,60.40747292879385,20.804511716592888,25.29158397593602,114.01310907883814,2.942202262815563,0.002,0.014142135623730947,0.0,0.1,0.002,0.08230019092559815,0.0005337779027723751,0.08120989799499512,0.08360695838928223,7.548759493957543e-05
AdultCensusUnsupervisedData,4,SHAPIQ,,100,28.094142976907364,4.685047029071686,18.78565492959525,37.39936418661995,0.6625657048868955,0.0,0.0,0.0,0.0,0.0,0.09595818996429444,0.0005674459611813208,0.09482383728027344,0.0971372127532959,8.024897742164577e-05
AdultCensusUnsupervisedData,4,SHAPIQ,,250,7.5438015308652755,0.8159064316269393,5.958686772989039,9.026054479436619,0.11538659412342542,0.0,0.0,0.0,0.0,0.0,0.144197096824646,0.0008487534589845696,0.14189505577087402,0.14580345153808594,0.00012003186528070581
AdultCensusUnsupervisedData,4,SHAPIQ,,500,1.9031150322855792,0.14737757628988346,1.650733114287131,2.2214473848806167,0.020842336717882867,0.002,0.01414213562373095,0.0,0.1,0.002,0.20760170936584474,0.0012231771476186946,0.20418453216552734,0.21005892753601074,0.00017298337113471883
AdultCensusUnsupervisedData,4,SHAPIQ,,750,0.6978469480393861,0.06184289869961975,0.5887318451054548,0.8235420093461993,0.00874590660774677,0.004,0.01979486637221574,0.0,0.1,0.0027994168488950605,0.2984596109390259,0.002151291209056629,0.2930634021759033,0.3050415515899658,0.00030423852044619197
AdultCensusUnsupervisedData,4,SHAPIQ,,1000,35.05127761978644,8.793460199833117,17.71298220174215,55.05216357862103,1.2435830674792023,0.006000000000000001,0.023989793748209528,0.0,0.1,0.003392669167725119,0.31453265190124513,0.001752989474024682,0.310549259185791,0.31792521476745605,0.00024791014888629614
AdultCensusUnsupervisedData,4,SHAPIQ,,2000,1.6897400137761198,0.11945117885056993,1.4085332981429466,1.9555014113494498,0.016892947717193026,0.0,0.0,0.0,0.0,0.0,0.6027717733383179,0.0035325996339171857,0.5951178073883057,0.6119990348815918,0.0004995850312719926
AdultCensusUnsupervisedData,4,SHAPIQ,,3500,0.6558830741622431,0.04133140607537264,0.5842190500188262,0.7857020878372737,0.0058451435023741775,0.002,0.014142135623730949,0.0,0.1,0.002,1.0479721307754517,0.005778153238014044,1.0346550941467285,1.060335636138916,0.0008171542674669526
AdultCensusUnsupervisedData,4,SHAPIQ,,5000,0.38109701032805676,0.020782776920063646,0.34213043409145427,0.4233740650278221,0.002939128498412854,0.004,0.01979486637221574,0.0,0.1,0.002799416848895061,1.5142823457717896,0.008038128490761796,1.493565320968628,1.5265159606933594,0.0011367630327732874
AdultCensusUnsupervisedData,4,SVARMIQ,,16,1.5372148649437107,0.3386210003585061,0.7499521737356931,2.355108503935045,0.04788824112113439,0.01,0.04164965639175215,0.0,0.2,0.005890150893739516,5.512504615783691,0.30390873426633763,5.033811807632446,5.818854331970215,0.04297918537230955
AdultCensusUnsupervisedData,4,SVARMIQ,,50,1.6870978455583634,0.5179207648673215,1.0139943922663237,3.5545947858053695,0.07324505699100128,0.0,0.0,0.0,0.0,0.0,6.593002333641052,0.04507377103602201,6.517683506011963,6.738591194152832,0.00637439383064419
AdultCensusUnsupervisedData,4,SVARMIQ,,100,5.361431962819349,0.5690198105743549,3.910216467994594,6.505254930646041,0.08047155333732221,0.0,0.0,0.0,0.0,0.0,7.435306916236877,0.048873987187649424,7.3461503982543945,7.523603677749634,0.006911825552802274
AdultCensusUnsupervisedData,4,SVARMIQ,,250,0.8907550219839817,0.1382131069162479,0.6068415890891384,1.3007313789687012,0.019546285029868035,0.002,0.014142135623730952,0.0,0.1,0.002,10.070166544914246,0.06301056124186359,9.92365837097168,10.190276384353638,0.008911039028098401
AdultCensusUnsupervisedData,4,SVARMIQ,,500,1.4695503507948422,0.06428881007752361,1.3568040544617481,1.6322393678772573,0.009091810712046193,0.0,0.0,0.0,0.0,0.0,14.034490189552308,0.06467837451985355,13.856110572814941,14.172739744186401,0.00914690344382234
AdultCensusUnsupervisedData,4,SVARMIQ,,750,0.3909774394061737,0.03752770750700706,0.3109443630918646,0.47496025234990824,0.005307219292117998,0.004,0.01979486637221574,0.0,0.1,0.002799416848895061,18.401912178993225,0.09097776974094475,18.22608995437622,18.59272575378418,0.012866199584210102
AdultCensusUnsupervisedData,4,SVARMIQ,,1000,1.0838167350501242,0.13032881273108762,0.8081272699499518,1.4140685918499603,0.018431277453228735,0.004,0.019794866372215746,0.0,0.1,0.0027994168488950605,39.306996092796325,0.16877741581297534,38.95992422103882,39.716660261154175,0.023868731046499322
AdultCensusUnsupervisedData,4,SVARMIQ,,2000,0.23951960796960822,0.01535199571671567,0.20181593922733237,0.27628873403210313,0.0021711000552072962,0.0,0.0,0.0,0.0,0.0,68.13046918869018,0.33086208161700426,67.22896695137024,68.6684319972992,0.0467909643097763
AdultCensusUnsupervisedData,4,SVARMIQ,,3500,0.15181406160207095,0.006360552570434894,0.13738233700058436,0.1657367317554363,0.000899517970929608,0.002,0.014142135623730947,0.0,0.1,0.0020000000000000005,110.92199014663696,0.6763539930429593,108.97209310531616,112.04026126861572,0.09565089899265508
AdultCensusUnsupervisedData,4,SVARMIQ,,5000,0.08777519083211766,0.0030120339641942044,0.08076954397084656,0.09389862376959832,0.0004259659282491842,0.004,0.019794866372215742,0.0,0.1,0.002799416848895061,155.63530315876008,1.0217020311472094,152.96289682388306,157.39816999435425,0.144490486915252
